occurrenceID	basisOfRecord	datasetID	datasetName	references	institutionCode	collectionCode	accessRights	license	scientificName	vernacularName	associatedTaxa	eventDate	country	stateProvince	county	locality	decimalLatitude	decimalLongitude	coordinateUncertaintyInMeters	occurrenceRemarks	associatedMedia
7b422cf2-b44a-47c3-83c0-ba8494975e1a	HumanObservation	urn:uuid:e495db61-2817-4938-b78a-6dd38803a3bb	Mark Kummel Photographs	https://www.flickr.com/people/treebeard/	UCSB	IZC	Use permitted under Creative Commons Attribution 4.0 International License (CC BY 4.0)	https://creativecommons.org/licenses/by/4.0/	Araneus andrewsi	Orb-Weaver Spider		2023-01-01	United States	California		San Marcos Pass	34.512904	-119.813278	16	52601635603 Here is a tiny <b>Orb-Weaver Spider</b> (<i>Araneus</i>, <i>Araneidae</i>) among cactus spines (and lichens!) in the garden this morning. I believe this is a juvenile of the species <i>Araneus andrewsi</i> spider with humps on its back and dark colors and bristly legs. I have a prior shot of its web, see <a href=""https://www.flickr.com/photos/treebeard/27790504388/"">this photo</a>. (San Marcos Pass, 1 January 2023) <p>After the driest start of any start of any year that I can recall, the month of December has been better. We got 4.25 inches yesterday and 17.8 inches of rain for the month -- and there's more on the way!	https://symbiota.ccber.ucsb.edu/kummel/2025/n101a_n101-005.jpg
60afc815-b5b7-4ed8-854f-0ac940b7d16b	HumanObservation	urn:uuid:e495db61-2817-4938-b78a-6dd38803a3bb	Mark Kummel Photographs	https://www.flickr.com/people/treebeard/	UCSB	IZC	Use permitted under Creative Commons Attribution 4.0 International License (CC BY 4.0)	https://creativecommons.org/licenses/by/4.0/	Marasmius plicatulus	Frosted Marasmius		2023-01-01	United States	California		San Marcos Pass	34.513761	-119.813686	16	52601532255 This is a group of beautiful <b>Frosted Marasmius</b> (<i>Marasmius plicatulus</i> or kin) mushrooms poking up through the fallen oak leaves in the woods today. This may actually be a related species of the mushroom because the cap isn't especially velvety or frosted as they sometimes are? The widely-spaced white gills are especially handsome. The stalks are tough and polished, but brittle - like thin glass tubing. If you have pierced ears, you can wear them! (San Marcos Pass, 1 January 2023)	https://symbiota.ccber.ucsb.edu/kummel/2025/n101b_n101-008.jpg
04274121-61ea-485c-8284-5313545a85d6	HumanObservation	urn:uuid:e495db61-2817-4938-b78a-6dd38803a3bb	Mark Kummel Photographs	https://www.flickr.com/people/treebeard/	UCSB	IZC	Use permitted under Creative Commons Attribution 4.0 International License (CC BY 4.0)	https://creativecommons.org/licenses/by/4.0/	Astraeus hygrometricus	Hygroscopic Earthstar		2023-01-01	United States	California		San Marcos Pass	34.513761	-119.813686	16	52600599232 This is a brand new <b>Earthstar</b> ""mushroom"" just coming up in the soggy woods today. I added scare quotes because these fungi are not at all fleshy. It is the <b>Hygroscopic Earthstar</b> (<i>Astraeus hygrometricus</i>). These fungi are built with an inner puffball or spore sack surrounded by an outer rind. The rind splits to make a star, and the inner sack opens to release spores. The rays of the outer rind open and close depending on the humidity. The inner puffball is ephemeral, but the outer rinds are tough and last for years. (San Marcos Pass, 1 January 2023)	https://symbiota.ccber.ucsb.edu/kummel/2025/n101c_n101-025.jpg
727ef8c3-c4ec-4696-88f4-e1960c69c5f7	HumanObservation	urn:uuid:e495db61-2817-4938-b78a-6dd38803a3bb	Mark Kummel Photographs	https://www.flickr.com/people/treebeard/	UCSB	IZC	Use permitted under Creative Commons Attribution 4.0 International License (CC BY 4.0)	https://creativecommons.org/licenses/by/4.0/	Gammarotettix genitalis	Chaparral Camel Cricket		2023-01-02	United States	California		San Marcos Pass	34.512904	-119.813278	16	52603746859 I was looking under a piece of loose bark on a log in our woodpile today -- looking for slime molds or snails or whatever -- I found this tiny cricket! I believe it a <b>Chaparral Camel Cricket</b> (<i>Gammarotettix genitalis</i>, <i>Raphidophoridae</i>). This is small cricket, only about 3/16 inch long or less, not counting its antennae of course. (San Marcos Pass, 2 January 2023)	https://symbiota.ccber.ucsb.edu/kummel/2025/n102a_n102-009.jpg
0a0adf7e-5021-4523-83d4-cc9c6c2265b8	HumanObservation	urn:uuid:e495db61-2817-4938-b78a-6dd38803a3bb	Mark Kummel Photographs	https://www.flickr.com/people/treebeard/	UCSB	IZC	Use permitted under Creative Commons Attribution 4.0 International License (CC BY 4.0)	https://creativecommons.org/licenses/by/4.0/	Oniscidea	woodlouse		2023-01-02	United States	California		San Marcos Pass	34.512904	-119.813278	16	52603886855 This is a <i>Woodlouse</i> (<i>Oniscidea</i>, <i>Isopoda</i>, <i>Crustacea</i>) that cannot roll up into a ball. I call these ""sow bugs"" as distinct from the ""pill bugs"" that can roll into an into a ball. I found it under some bark in a woodpile. There are many different kinds, so I'll leave it at that. (San Marcos Pass, 2 January 2023)	https://symbiota.ccber.ucsb.edu/kummel/2025/n102b_n102-013.jpg
e24200a9-c521-40db-8cce-e1dd9b6db1c6	HumanObservation	urn:uuid:e495db61-2817-4938-b78a-6dd38803a3bb	Mark Kummel Photographs	https://www.flickr.com/people/treebeard/	UCSB	IZC	Use permitted under Creative Commons Attribution 4.0 International License (CC BY 4.0)	https://creativecommons.org/licenses/by/4.0/	Diptera	fly		2023-01-02	United States	California		San Marcos Pass	34.512904	-119.813278	16	52603676249 I'm pretty sure this is a transparent insect larva on a piece of oak bark in the soggy woods yesterday. Maybe it is the larva of a <b>fly</b> (<i>Diptera</i>)? It has an interesting ""mouth"". (San Marcos Pass, 1 January 2023)	https://symbiota.ccber.ucsb.edu/kummel/2025/n102c_n101-017.jpg
ebe12efd-fc17-4c59-9dba-2003d599d04f	HumanObservation	urn:uuid:e495db61-2817-4938-b78a-6dd38803a3bb	Mark Kummel Photographs	https://www.flickr.com/people/treebeard/	UCSB	IZC	Use permitted under Creative Commons Attribution 4.0 International License (CC BY 4.0)	https://creativecommons.org/licenses/by/4.0/	Kibramoa; Plectreurys	spider		2023-01-03	United States	California		San Marcos Pass	34.513275	-119.812924	16	52605851044 I found this interesting <b>spider</b> under a loose piece of oak bark in our woodpile this morning. Maybe this spider is genus <i>Kibramoa</i> or <i>Plectreurys</i> in the spider family <i>Plectreuridae</i>? This one played dead when I found it, it even let me arrange its legs with a stick without complaining. I covered it up again with the bark after I got my photos. (San Marcos Pass, 3 January 2023)	https://symbiota.ccber.ucsb.edu/kummel/2025/n103a_n103-001.jpg
8aebe4e4-a14e-4f3d-86a4-57b268a77be9	HumanObservation	urn:uuid:e495db61-2817-4938-b78a-6dd38803a3bb	Mark Kummel Photographs	https://www.flickr.com/people/treebeard/	UCSB	IZC	Use permitted under Creative Commons Attribution 4.0 International License (CC BY 4.0)	https://creativecommons.org/licenses/by/4.0/	Oniscidea	Woodlouse		2023-01-03	United States	California		San Marcos Pass	34.514707	-119.814298	16	52605589606 This is another <i>Woodlouse</i> (<i>Oniscidea</i>, <i>Isopoda</i>, <i>Crustacea</i>) that cannot roll up into a ball. It has remarkable eyes. I call these ""sow bugs"" as distinct from the ""pill bugs"" that can roll into an into a ball. I found it under some bark in a woodpile. There are many different kinds, so I'll leave it at that. (San Marcos Pass, 3 January 2023)	https://symbiota.ccber.ucsb.edu/kummel/2025/n103b_n103-007.jpg
9dac46a6-7794-4076-bda0-19c74961389f	HumanObservation	urn:uuid:e495db61-2817-4938-b78a-6dd38803a3bb	Mark Kummel Photographs	https://www.flickr.com/people/treebeard/	UCSB	IZC	Use permitted under Creative Commons Attribution 4.0 International License (CC BY 4.0)	https://creativecommons.org/licenses/by/4.0/	Araneae	spider		2023-01-03	United States	California		San Marcos Pass	34.512904	-119.813278	16	52606076163 This is another tiny <b>spider</b> under a piece of loose bark in our woodpile yesterday. (San Marcos Pass, 2 January 2023)	https://symbiota.ccber.ucsb.edu/kummel/2025/n103c_n102-002.jpg
f0d27dc0-c402-47cd-a6a0-45c291651ce1	HumanObservation	urn:uuid:e495db61-2817-4938-b78a-6dd38803a3bb	Mark Kummel Photographs	https://www.flickr.com/people/treebeard/	UCSB	IZC	Use permitted under Creative Commons Attribution 4.0 International License (CC BY 4.0)	https://creativecommons.org/licenses/by/4.0/	Cibdelis blaschkei	Live Oak Cluster Beetle		2023-01-04	United States	California		San Marcos Pass	34.512037	-119.816443	16	52607561146 This is a big black beetle trying to get away from me after I exposed its hiding place under a loose piece of oak bark in our woodpile yesterday. It might be a <b>Darkling Beetle</b> in the family <i>Tenebrionidae</i>, but it's smaller and faster than the larger Pinacate Beetles (genus <i>Coelocnemis</i> or <i>Eleodes</i>) that I sometimes find. Maybe it is the species <b>Live Oak Cluster Beetle</b> (<i>Cibdelis blaschkei</i>)? (San Marcos Pass, 4 January 2023)	https://symbiota.ccber.ucsb.edu/kummel/2025/n104a_n104-005.jpg
e372dc78-15d2-4c5d-b37a-7ce3947e1ad6	HumanObservation	urn:uuid:e495db61-2817-4938-b78a-6dd38803a3bb	Mark Kummel Photographs	https://www.flickr.com/people/treebeard/	UCSB	IZC	Use permitted under Creative Commons Attribution 4.0 International License (CC BY 4.0)	https://creativecommons.org/licenses/by/4.0/	Agelenidae	Funnel Web Weaver		2023-01-04	United States	California		San Marcos Pass	34.512904	-119.813278	16	52608049538 I'm pretty sure this is a <b>Funnel Web Weaver</b> (<i>Agelenidae</i>) spider web with raindrops. Happy Web Webnesday! (San Marcos Pass, 30 December 2022)	https://symbiota.ccber.ucsb.edu/kummel/2025/n104b_mc30-027.jpg
f430920b-1d22-4f1e-95e0-48deab22d588	HumanObservation	urn:uuid:e495db61-2817-4938-b78a-6dd38803a3bb	Mark Kummel Photographs	https://www.flickr.com/people/treebeard/	UCSB	IZC	Use permitted under Creative Commons Attribution 4.0 International License (CC BY 4.0)	https://creativecommons.org/licenses/by/4.0/	Agelenidae	Funnel Web Weaver		2023-01-04	United States	California		San Marcos Pass	34.512807	-119.812924	16	52607964930 I'm pretty sure this is another <b>Funnel Web Weaver</b> (<i>Agelenidae</i>) spider web with raindrops. Happy Web Webnesday! (San Marcos Pass, 30 December 2022)	https://symbiota.ccber.ucsb.edu/kummel/2025/n104c_mc30-040.jpg
deb6aef5-6434-4f83-a6d6-a1d0b1035acd	HumanObservation	urn:uuid:e495db61-2817-4938-b78a-6dd38803a3bb	Mark Kummel Photographs	https://www.flickr.com/people/treebeard/	UCSB	IZC	Use permitted under Creative Commons Attribution 4.0 International License (CC BY 4.0)	https://creativecommons.org/licenses/by/4.0/	Agelenidae	Funnel Web Weaver		2023-01-05	United States	California		San Marcos Pass	34.512471	-119.813632	16	52609991020 I found this handsome <b>spider</b> under a loose piece of oak bark in our woodpile this morning. I'm pretty sure this is a <b>Funnel Web Weaver</b> (<i>Agelenidae</i>) spider. (San Marcos Pass, 5 January 2023)	https://symbiota.ccber.ucsb.edu/kummel/2025/n105a_n105-012.jpg
aad869b2-9dca-4da1-9d25-6566a5eb3624	HumanObservation	urn:uuid:e495db61-2817-4938-b78a-6dd38803a3bb	Mark Kummel Photographs	https://www.flickr.com/people/treebeard/	UCSB	IZC	Use permitted under Creative Commons Attribution 4.0 International License (CC BY 4.0)	https://creativecommons.org/licenses/by/4.0/	Cibdelis blaschkei	Live Oak Cluster Beetle		2023-01-05	United States	California		San Marcos Pass	34.512904	-119.813278	16	52609972265 I found another big black beetle trying to get away from me after I exposed its hiding place under a loose piece of oak bark in our woodpile today, compare <a href=""https://www.flickr.com/photos/treebeard/52607561146/"">my photo</a> from yesterday. It guess it is a <b>Darkling Beetle</b> in the family <i>Tenebrionidae</i>, maybe the species <b>Live Oak Cluster Beetle</b> (<i>Cibdelis blaschkei</i>). HBBBT! (San Marcos Pass, 5 January 2023)	https://symbiota.ccber.ucsb.edu/kummel/2025/n105b_n105-031.jpg
db28f747-720a-4811-9e85-bb0c01fa0644	HumanObservation	urn:uuid:e495db61-2817-4938-b78a-6dd38803a3bb	Mark Kummel Photographs	https://www.flickr.com/people/treebeard/	UCSB	IZC	Use permitted under Creative Commons Attribution 4.0 International License (CC BY 4.0)	https://creativecommons.org/licenses/by/4.0/	Gammarotettix genitalis	Chaparral Camel Cricket		2023-01-05	United States	California		San Marcos Pass	34.512037	-119.816443	16	52609795229 This is a tiny cricket showing its rear end. I believe it is a <b>Chaparral Camel Cricket</b> (<i>Gammarotettix genitalis</i>, <i>Raphidophoridae</i>). It was a under loose bark on a log in our woodpile a couple of days ago. This is small cricket, only about 3/16 inch long or less. HBBBT! (San Marcos Pass, 2 January 2023)	https://symbiota.ccber.ucsb.edu/kummel/2025/n105c_n102-010.jpg
2ea0a9c7-3dbf-443f-9434-c203ae80e914	HumanObservation	urn:uuid:e495db61-2817-4938-b78a-6dd38803a3bb	Mark Kummel Photographs	https://www.flickr.com/people/treebeard/	UCSB	IZC	Use permitted under Creative Commons Attribution 4.0 International License (CC BY 4.0)	https://creativecommons.org/licenses/by/4.0/	Ixodes pacificus	Small-flowered Melic; Western Black-legged Ticks	Melica imperfecta	2023-01-06	United States	California		San Marcos Pass	34.512904	-119.813278	16	52612017835 I found these two different <b>Ticks</b> (<i>Ixodidae</i>, <i>Arachnida</i>) on dead stems of a perennial grass plant today -- probably <b>Small-flowered Melic</b> (<i>Melica imperfecta</i>, <i>Poaceae</i>) though it hardly matters. They are male and female <b>Western Black-legged Ticks</b> (<i>Ixodes pacificus</i>). Males lacks a scutum or shield that allows the female to swell up during its blood meal. The females need a blood meal to produce their eggs, but the males don't. These ticks are said to the principal vector of Lyme Disease on the West Coast, but apparently lizards protect us -- see <a href=""https://www.flickr.com/photos/treebeard/27790504388/"">this photo</a>. Sounds fantastic, but apparently it's true. (San Marcos Pass, 6 January 2023)	https://symbiota.ccber.ucsb.edu/kummel/2025/n106a_n106-010.jpg
04686284-a5b1-4ec7-a7ea-45b9d26f244a	HumanObservation	urn:uuid:e495db61-2817-4938-b78a-6dd38803a3bb	Mark Kummel Photographs	https://www.flickr.com/people/treebeard/	UCSB	IZC	Use permitted under Creative Commons Attribution 4.0 International License (CC BY 4.0)	https://creativecommons.org/licenses/by/4.0/	Pleurotus ostreatus	Pleurotoid mushrooms; Coast Live Oak	Quercus agrifolia	2023-01-06	United States	California		San Marcos Pass	34.512913	-119.813772	16	52611564951 Here are <b>pleurotoid mushrooms</b> growing from <b>Coast Live Oak</b> (<i>Quercus agrifolia</i>, <i>Fagaceae</i>) logs in our woodpile yesterday. Pleurotoid fungi all have a lateral stalk or no stalk at all, and take their name from the <b>Oyster Mushroom</b> (<i>Pleurotus ostreatus</i>). That's probably what these are, but maybe not -- there are other kinds. (San Marcos Pass, 5 January 2023)	https://symbiota.ccber.ucsb.edu/kummel/2025/n106b_n105-026.jpg
883f6a5d-a3ca-43d4-b198-94dd7cbf36e3	HumanObservation	urn:uuid:e495db61-2817-4938-b78a-6dd38803a3bb	Mark Kummel Photographs	https://www.flickr.com/people/treebeard/	UCSB	IZC	Use permitted under Creative Commons Attribution 4.0 International License (CC BY 4.0)	https://creativecommons.org/licenses/by/4.0/	Anthomyiidae	Root-Maggot Fly		2023-01-06	United States	California		San Marcos Pass	34.512904	-119.813278	16	52611977745 This is a ""just a fly"" (<i>Diptera</i>) in the woods a couple of days ago. My first guess based on its color and the way it holds its wings would be a <b>Root-Maggot Fly</b> in the family <i>Anthomyiidae</i>. Any help with identification will be appreciated. HFDF! (San Marcos Pass, 3 January 2023)	https://symbiota.ccber.ucsb.edu/kummel/2025/n106c_n103-010.jpg
7bb64248-e4eb-412f-a5ab-7697a751e958	HumanObservation	urn:uuid:e495db61-2817-4938-b78a-6dd38803a3bb	Mark Kummel Photographs	https://www.flickr.com/people/treebeard/	UCSB	IZC	Use permitted under Creative Commons Attribution 4.0 International License (CC BY 4.0)	https://creativecommons.org/licenses/by/4.0/	Gammarotettix genitalis	Chaparral Camel Cricket; prickly pear cactus	Opuntia	2023-01-07	United States	California		San Marcos Pass	34.512904	-119.813278	16	52612987727 This is the rear end of a <b>Chaparral Camel Cricket</b> (<i>Gammarotettix genitalis</i>, <i>Raphidophoridae</i>) in the flower scar on a ripening fruit of a <b>prickly pear</b> (<i>Opuntia</i>) cactus. These crickets will become common -- and larger -- later in the spring, but they are just starting out. What's odd is that I've found them here before, see my photos <a href=""https://www.flickr.com/photos/treebeard/31925138117/"">here</a>, <a href=""https://www.flickr.com/photos/treebeard/32810975045/"">here</a>, <a href=""https://www.flickr.com/photos/treebeard/32328024501/"">here</a>, <a href=""https://www.flickr.com/photos/treebeard/31465041973/"">here</a>, and <a href=""https://www.flickr.com/photos/treebeard/31618712690/"">here</a>. I don't know what the attraction is, but other crickets like it here as well -- see <a href=""https://www.flickr.com/photos/treebeard/46256324502/"">this photo</a> of a different Tree Cricket on the fruit. (San Marcos Pass, 7 January 2023)	https://symbiota.ccber.ucsb.edu/kummel/2025/n107a_n107-003.jpg
33997bad-4ff6-4157-96e5-2068ef5733f5	HumanObservation	urn:uuid:e495db61-2817-4938-b78a-6dd38803a3bb	Mark Kummel Photographs	https://www.flickr.com/people/treebeard/	UCSB	IZC	Use permitted under Creative Commons Attribution 4.0 International License (CC BY 4.0)	https://creativecommons.org/licenses/by/4.0/	Clitocybe nuda	Blewit; Coast Live Oak	Quercus agrifolia	2023-01-07	United States	California		San Marcos Pass	34.512904	-119.813278	16	52613968713 I found these <b>Blewit</b> (<i>Clitocybe nuda</i> aka <i>Lepista nuda</i>) mushrooms growing in the mulch under <b>Coast Live Oak</b> (<i>Quercus agrifolia</i>, <i>Fagaceae</i>) trees in the woods today. Fresh caps sometimes have real blue or violet colors, see <a href=""https://www.flickr.com/photos/treebeard/8544011298/"">this photo</a>, but they soon fade to tan or brown like this one with just a hint of violet. (San Marcos Pass, 7 January 2023)	https://symbiota.ccber.ucsb.edu/kummel/2025/n107b_n107-009.jpg
59933063-8a8b-4680-9b20-b272cbef81bf	HumanObservation	urn:uuid:e495db61-2817-4938-b78a-6dd38803a3bb	Mark Kummel Photographs	https://www.flickr.com/people/treebeard/	UCSB	IZC	Use permitted under Creative Commons Attribution 4.0 International License (CC BY 4.0)	https://creativecommons.org/licenses/by/4.0/	Tremella mesenterica	Witch's Butter; Globular Springtail	Symphypleona	2023-01-07	United States	California		San Marcos Pass	34.512904	-119.813278	16	52613450301 This is <b>Witch's Butter</b></a> (<i>Tremella mesenterica</i> or kin), a familiar <b>Jelly Fungus</b> in the <i>Tremelliales</i> in the woods today. It's nice to see after months of drought. They are said to be edible and tasteless - no surprise, they're mostly water. These odd ""mushrooms"" appear after rain and then dry out into a hard yellow crust as it looses moisture. Did you notice the tiny <b>Globular Springtail</b> (<i>Symphypleona</i>, <i>Collembola</i>)? (San Marcos Pass, 7 January 2023)	https://symbiota.ccber.ucsb.edu/kummel/2025/n107c_n107-015.jpg
c516f092-478d-4f4e-b24b-df6e9c22cdee	HumanObservation	urn:uuid:e495db61-2817-4938-b78a-6dd38803a3bb	Mark Kummel Photographs	https://www.flickr.com/people/treebeard/	UCSB	IZC	Use permitted under Creative Commons Attribution 4.0 International License (CC BY 4.0)	https://creativecommons.org/licenses/by/4.0/	Agaricus albolutescens; A. moronii; Agaricus silvicola	Coast Live Oak; Amber-Staining Agaricus	Quercus agrifolia	2023-01-08	United States	California		San Marcos Pass	34.513125	-119.812613	16	52616116064 Here are old and new brown-spored <i>Agaricus</i> mushrooms in deep mulch under <b>Coast Live Oak</b> (<i>Quercus agrifolia</i>, <i>Fagaceae</i>) trees. This mushroom has a sweet almond smell and tastes good in a nibble. I've been calling it the <b>Amber-Staining Agaricus</b> (<i>Agaricus albolutescens</i> aka <i>A. moronii</i>). Another possibility is <i>Agaricus silvicola</i>. I suspect they are edible and delicious, but I'm wary of all our woodland species of <i>Agaricus</i>. ""Once bitten, twice warned!"" (San Marcos Pass, 7 January 2023)	https://symbiota.ccber.ucsb.edu/kummel/2025/n108a_n107-020.jpg
c4942eca-3a8b-4732-838f-93ab943a1c8f	HumanObservation	urn:uuid:e495db61-2817-4938-b78a-6dd38803a3bb	Mark Kummel Photographs	https://www.flickr.com/people/treebeard/	UCSB	IZC	Use permitted under Creative Commons Attribution 4.0 International License (CC BY 4.0)	https://creativecommons.org/licenses/by/4.0/	Marasmius plicatulus	Frosted Marasmius		2023-01-08	United States	California		San Marcos Pass	34.512904	-119.813278	16	52616107534 This is another group of beautiful <b>Frosted Marasmius</b> (<i>Marasmius plicatulus</i> or kin) mushrooms poking up through the fallen oak leaves in the woods today. This may actually be a related species of the mushroom because the cap isn't especially velvety or frosted as they sometimes are? The widely-spaced white gills are especially handsome. The stalks are tough and polished, but brittle -- like thin glass tubing. If you have pierced ears, you can wear them! (San Marcos Pass, 5 January 2023)	https://symbiota.ccber.ucsb.edu/kummel/2025/n108b_n105-002.jpg
3af5f826-eda1-4eb6-8993-862579a9e27d	HumanObservation	urn:uuid:e495db61-2817-4938-b78a-6dd38803a3bb	Mark Kummel Photographs	https://www.flickr.com/people/treebeard/	UCSB	IZC	Use permitted under Creative Commons Attribution 4.0 International License (CC BY 4.0)	https://creativecommons.org/licenses/by/4.0/	Quercus agrifolia	Coast Live Oak; California Bay; Coastal Wood Fern; Wild Blackberry; Poison Oak; Nuttall's Snowberry	Dryopteris arguta; Umbellularia californica; Rubus ursinus; Toxicodendron diversilobum; Symphoricarpos mollis	2023-01-08	United States	California		San Marcos Pass	34.512904	-119.813278	16	52616265490 Here is a photo of the little waterfall along our driveway -- it rarely flows, but here it is! It falls about 20 feet total. It's a small drainage and it takes some heavy rain to get it working. It's remarkable how quick it subsides when the rain slows down enough to get out with my camera. The woodland around the waterfall shows <b>Coast Live Oak</b> and <b>California Bay</b> trees, with an understory of <b>Coastal Wood Fern</b> (<i>Dryopteris arguta</i>) and <b>Wild Blackberry</b> and still-dormant <b>Poison Oak</b> and <b>Nuttall's Snowberry</b>. I seem to get this shot whenever the waterfall is going, see <a href=""https://www.flickr.com/photos/treebeard/46050233975/"">this photo</a>. (San Marcos Pass, 5 January 2023)	https://symbiota.ccber.ucsb.edu/kummel/2025/n108c_n105-005.jpg
2c2cf852-3089-4d68-beba-6c4f3e2f0591	HumanObservation	urn:uuid:e495db61-2817-4938-b78a-6dd38803a3bb	Mark Kummel Photographs	https://www.flickr.com/people/treebeard/	UCSB	IZC	Use permitted under Creative Commons Attribution 4.0 International License (CC BY 4.0)	https://creativecommons.org/licenses/by/4.0/				2023-01-09	United States	California		San Marcos Pass	34.513125	-119.812613	16	52618649408 Here is another photo of the little waterfall along our driveway -- it rarely flows, but it was cranking in the rain today! We've had over a foot of rain since yesterday when this storm began. More is coming. (San Marcos Pass, 9 January 2023)	https://symbiota.ccber.ucsb.edu/kummel/2025/n109a_n109-010.jpg
e57ff8b0-7e87-43a2-b4ab-cc11216a9242	HumanObservation	urn:uuid:e495db61-2817-4938-b78a-6dd38803a3bb	Mark Kummel Photographs	https://www.flickr.com/people/treebeard/	UCSB	IZC	Use permitted under Creative Commons Attribution 4.0 International License (CC BY 4.0)	https://creativecommons.org/licenses/by/4.0/	Entoloma rhodopolium; Entoloma lividoalbum	Coast Live Oak; Wood Pinkgill	Quercus agrifolia	2023-01-09	United States	California		San Marcos Pass\n	34.512913	-119.813772	16	52617631867 I found this nice colony of pink-spored <i>Entoloma</i> mushrooms in the woods a couple of days ago. The gills start pallid, but in time they pick up the spore color like the upturned one. These don't have that chlorine bleach smell like a swimming pool that some of these mushrooms have, like <a href=""https://www.flickr.com/photos/treebeard/46622760291/"">this one</a>, so I guess they fall into the ""<i>Entoloma rhodopolium</i>"" group -- maybe <i>Entoloma lividoalbum</i>, but who knows. These are growing under <b>Coast Live Oak</b> (<i>Quercus agrifolia</i>, <i>Fagaceae</i>) trees.	https://symbiota.ccber.ucsb.edu/kummel/2025/n109b_n102-034.jpg
524a48b5-5bf9-452f-b07e-34b641f69fbd	HumanObservation	urn:uuid:e495db61-2817-4938-b78a-6dd38803a3bb	Mark Kummel Photographs	https://www.flickr.com/people/treebeard/	UCSB	IZC	Use permitted under Creative Commons Attribution 4.0 International License (CC BY 4.0)	https://creativecommons.org/licenses/by/4.0/	Psathyrella longipes	Coast Live Oak; Tall Psathyrella	Quercus agrifolia	2023-01-09	United States	California		San Marcos Pass	34.513125	-119.812613	16	52618402824 I believe these dark-spored mushrooms are part of the <i>Psathyrella longipes</i> group. They grow alone or in small groups on debris under <b>Coast Live Oak</b> (<i>Quercus agrifolia</i>, <i>Fagaceae</i>) trees in the woods. The dark spore-covered gills don't turn to ink like the genus <i>Coprinus</i>, and they don't grow on dung like the genus <b>Panaeolus</b>. The caps are ""hygrophanous"" -- changing color as they dry out. They are attractive mushrooms albeit very fragile. (San Marcos Pass, 2 January 2023)	https://symbiota.ccber.ucsb.edu/kummel/2025/n109c_n102-023.jpg
9be52afa-994f-4530-a9c4-c161bdb59a9e	HumanObservation	urn:uuid:e495db61-2817-4938-b78a-6dd38803a3bb	Mark Kummel Photographs	https://www.flickr.com/people/treebeard/	UCSB	IZC	Use permitted under Creative Commons Attribution 4.0 International License (CC BY 4.0)	https://creativecommons.org/licenses/by/4.0/	Collybia dryophila; Gymnopus dryophilus	Oak-Loving Collybia; Russet Toughshank		2023-01-10	United States	California		San Marcos Pass	34.513532	-119.813804	16	52620023281 I believe this is the mushroom formally known as the <b>Oak-Loving Collybia</b> (<i>Collybia dryophila</i>), now more properly called <i>Gymnopus dryophilus</i> -- though I suspect the common name will stick. You can tell by the fallen leaves that oak trees are nearby. (San Marcos Pass, 10 January 2023)	https://symbiota.ccber.ucsb.edu/kummel/2025/n110a_n110-005.jpg
2f6b438e-7eb7-40cb-bdee-10a8589d5392	HumanObservation	urn:uuid:e495db61-2817-4938-b78a-6dd38803a3bb	Mark Kummel Photographs	https://www.flickr.com/people/treebeard/	UCSB	IZC	Use permitted under Creative Commons Attribution 4.0 International License (CC BY 4.0)	https://creativecommons.org/licenses/by/4.0/	Polypodium californicum	California Polypody		2023-01-10	United States	California		San Marcos Pass	34.512904	-119.813278	16	52620443270 Here is a bank of new fronds of <b>California Polypody</b> (<i>Polypodium californicum</i>) fern in the <i>Polypodiaceae</i> plant family growing with moss on a sandstone outcrop today. My mom used to call these <b>Resurrection Ferns</b> because they seem to appear from nowhere when the rains arrive. They actually grow from a thick mass of rhizomes at the base of the fronds during our dry summer when they go dormant. These ferns are creatures of our shady woods in a place where the sun never shines this close to the solstice. (San Marcos Pass, 10 January 2023)	https://symbiota.ccber.ucsb.edu/kummel/2025/n110b_n110-023.jpg
fca0fdaf-a8c7-4a30-b0d7-d20a99097929	HumanObservation	urn:uuid:e495db61-2817-4938-b78a-6dd38803a3bb	Mark Kummel Photographs	https://www.flickr.com/people/treebeard/	UCSB	IZC	Use permitted under Creative Commons Attribution 4.0 International License (CC BY 4.0)	https://creativecommons.org/licenses/by/4.0/	Myxomycetes; Myxogastria	Slime Molds; Coast Live Oak	Quercus agrifolia	2023-01-10	United States	California		San Marcos Pass	34.513125	-119.812613	16	52620437560 Here are tiny <b>Slime Molds</b> (<i>Myxomycetes</i> or <i>Myxogastria</i>) growing on a piece of bark from <b>Coast Live Oak</b> (<i>Quercus agrifolia</i>, <i>Fagaceae</i>) in the woods. These look like little insect eggs, but something different will come from their spores, see <a href=""https://www.flickr.com/photos/treebeard/30862041563/"">this photo</a> for a bit more info. I believe the photo shows sessile (without a stalk) sporangia or plasmodiocarps. (San Marcos Pass, 10 January 2023)	https://symbiota.ccber.ucsb.edu/kummel/2025/n110c_n110-014.jpg
d68b2ba3-43f0-414a-9ff8-012c45a52686	HumanObservation	urn:uuid:e495db61-2817-4938-b78a-6dd38803a3bb	Mark Kummel Photographs	https://www.flickr.com/people/treebeard/	UCSB	IZC	Use permitted under Creative Commons Attribution 4.0 International License (CC BY 4.0)	https://creativecommons.org/licenses/by/4.0/	Quercus agrifolia	Coast Live Oak		2023-01-11	United States	California		San Marcos Pass	34.512904	-119.813278	16	52622328290 Here are lots of tiny spiderlings on a branch of <b>Coast Live Oak</b> (<i>Quercus agrifolia</i>, <i>Fagaceae</i>) in the woods today. I'm surprised they weren't washed away in the rain. I already have my two photos for the Web Wednesday group, but Happy Web Webnesday anyway! (San Marcos Pass, 11 January 2023)	https://symbiota.ccber.ucsb.edu/kummel/2025/n111a_n111-025.jpg
9aa3812f-d5b8-4f74-87cb-75841bc087bd	HumanObservation	urn:uuid:e495db61-2817-4938-b78a-6dd38803a3bb	Mark Kummel Photographs	https://www.flickr.com/people/treebeard/	UCSB	IZC	Use permitted under Creative Commons Attribution 4.0 International License (CC BY 4.0)	https://creativecommons.org/licenses/by/4.0/	Araneae	spider		2023-01-11	United States	California		San Marcos Pass	34.513125	-119.812613	16	52621887286 This is a spider and webbing and under a piece of loose bark in our woodpile. Happy Web Webnesday! (San Marcos Pass, 10 January 2023)	https://symbiota.ccber.ucsb.edu/kummel/2025/n111b_n110-016.jpg
1c12dd09-f385-499f-bcf8-0d16c6de2797	HumanObservation	urn:uuid:e495db61-2817-4938-b78a-6dd38803a3bb	Mark Kummel Photographs	https://www.flickr.com/people/treebeard/	UCSB	IZC	Use permitted under Creative Commons Attribution 4.0 International License (CC BY 4.0)	https://creativecommons.org/licenses/by/4.0/				2023-01-11	United States	California		San Marcos Pass	34.513275	-119.812924	16	52622134419 This is webbing under a piece of loose bark in our woodpile a couple of days ago -- or is it fungus mycelium? Happy Web Webnesday! (San Marcos Pass, 5 January 2023)	https://symbiota.ccber.ucsb.edu/kummel/2025/n111c_n105-016.jpg
20dcb7f9-91ef-4c62-b9b6-8e7e0d7882e0	HumanObservation	urn:uuid:e495db61-2817-4938-b78a-6dd38803a3bb	Mark Kummel Photographs	https://www.flickr.com/people/treebeard/	UCSB	IZC	Use permitted under Creative Commons Attribution 4.0 International License (CC BY 4.0)	https://creativecommons.org/licenses/by/4.0/	Ribes amarum	Bitter Gooseberry		2023-01-12	United States	California		San Marcos Pass	34.512904	-119.813278	16	52623741341 This is looking up into a new flower of native <b>Bitter Gooseberry</b> (<i>Ribes amarum</i>, <i>Grossulariaceae</i>) in the woods today, first new flower I've noticed. I like the heart-shaped anthers, though I would actually call them <i>sagittate</i> (arrowhead-like) rather than <i>cordate</i> (heart-like). If you look close, you can see little pinhead glands on the ""petals"" (that are really sepals, the real petals are white). Leaves, flower stalks, and the flowers themselves are all glandular in this species. See <a href=""https://www.flickr.com/photos/treebeard/33025378998/"">this photo</a> for a comparison of our different native gooseberries. (San Marcos Pass, 12 January 2023)	https://symbiota.ccber.ucsb.edu/kummel/2025/n112a_n112-005.jpg
892345a4-2684-4f1e-a5b9-2d86d06310bf	HumanObservation	urn:uuid:e495db61-2817-4938-b78a-6dd38803a3bb	Mark Kummel Photographs	https://www.flickr.com/people/treebeard/	UCSB	IZC	Use permitted under Creative Commons Attribution 4.0 International License (CC BY 4.0)	https://creativecommons.org/licenses/by/4.0/	Metellina mimetoides	Long-jawed Orb Weaver		2023-01-12	United States	California		San Marcos Pass	34.513346	-119.813557	16	52624212483 Here are two shots of a tiny orb-weaving spider taken today, but it's a <b>Long-jawed Orb Weaver</b> spider in the <i>Tetragnathidae</i> family instead of <i>Araneidae</i>. I believe it is species <i>Metellina mimetoides</i> by the shape of its abdomen. HBBBT! (San Marcos Pass, 12 January 2023)	https://symbiota.ccber.ucsb.edu/kummel/2025/n112b_n112-026.jpg
252a59a0-74de-4db5-bdfd-6f3755606a5d	HumanObservation	urn:uuid:e495db61-2817-4938-b78a-6dd38803a3bb	Mark Kummel Photographs	https://www.flickr.com/people/treebeard/	UCSB	IZC	Use permitted under Creative Commons Attribution 4.0 International License (CC BY 4.0)	https://creativecommons.org/licenses/by/4.0/	Gammarotettix genitalis	Chaparral Camel Cricket		2023-01-12	United States	California		San Marcos Pass	34.512904	-119.813278	16	52623209527 This is the rear end of a <b>Chaparral Camel Cricket</b> (<i>Gammarotettix genitalis</i>, <i>Raphidophoridae</i>) under loose bark on a log in our woodpile a couple of days ago. These crickets will become common -- and larger -- later in the spring, but they are just starting out. HBBBT! (San Marcos Pass, 10 January 2023)	https://symbiota.ccber.ucsb.edu/kummel/2025/n112c_n110-013.jpg
bf97b923-7750-45d2-a37a-1d62ee41077c	HumanObservation	urn:uuid:e495db61-2817-4938-b78a-6dd38803a3bb	Mark Kummel Photographs	https://www.flickr.com/people/treebeard/	UCSB	IZC	Use permitted under Creative Commons Attribution 4.0 International License (CC BY 4.0)	https://creativecommons.org/licenses/by/4.0/	Sinea	Spiny Assassin Bug; Coast Live Oak	Quercus agrifolia	2023-01-13	United States	California		San Marcos Pass	34.513275	-119.812924	16	52626044708 Here is a <b>Spiny Assassin Bug</b> (genus <i>Sinea</i>, <i>Reduviidae</i>) on an <b>Coast Live Oak</b> (<i>Quercus agrifolia</i>, <i>Fagaceae</i>) leaf in the woods today. They are gnarly-looking predators with that rough exterior and spike-like proboscis, though they are actually shy and retiring in my experience. (San Marcos Pass, 13 January 2023)	https://symbiota.ccber.ucsb.edu/kummel/2025/n113a_n113-036.jpg
4dc81f8d-ffac-4801-9f46-f0be53cabcf6	HumanObservation	urn:uuid:e495db61-2817-4938-b78a-6dd38803a3bb	Mark Kummel Photographs	https://www.flickr.com/people/treebeard/	UCSB	IZC	Use permitted under Creative Commons Attribution 4.0 International License (CC BY 4.0)	https://creativecommons.org/licenses/by/4.0/	Chironomidae	Non-biting Midge Flies		2023-01-13	United States	California		San Marcos Pass	34.512471	-119.813632	16	52625025852 These are <b>Non-biting Midge Flies</b> (<i>Chironomidae</i>) that dance in the sunbeams above the oak trees in the woods today, see <a href=""https://www.flickr.com/photos/treebeard/51847824787/"">this photo</a>. A small swarm of the midges was flying right by the spider's web with the expected results. It's curious that most (all?) of the flies are male with feathery antennae, see <a href=""https://www.flickr.com/photos/treebeard/49307156773/"">this photo</a> for comparison shots of male and female. That makes me wonder if <i>all</i> the flies in the swarms are male. See <a href=""https://www.flickr.com/photos/treebeard/49251437627/"">this photo</a> for another web with lots of these tiny flies. HFDF! (San Marcos Pass, 13 January 2023)These are <b>Non-biting Midge Flies</b> (<i>Chironomidae</i>) that dance in the sunbeams above the oak trees in the woods today, see <a href=""https://www.flickr.com/photos/treebeard/51847824787/"">this photo</a>. A small swarm of the midges was flying right by the spider's web with the expected results. It's curious that most (all?) of the flies are male with feathery antennae, see <a href=""https://www.flickr.com/photos/treebeard/49307156773/"">this photo</a> for comparison shots of male and female. That makes me wonder if <i>all</i> the flies in the swarms are male. See <a href=""https://www.flickr.com/photos/treebeard/49251437627/"">this photo</a> for another web with lots of these tiny flies. HFDF! (San Marcos Pass, 13 January 2023)	https://symbiota.ccber.ucsb.edu/kummel/2025/n113b_n113-031.jpg
c9d8ee1a-a88b-4743-8183-b24f374fa34e	HumanObservation	urn:uuid:e495db61-2817-4938-b78a-6dd38803a3bb	Mark Kummel Photographs	https://www.flickr.com/people/treebeard/	UCSB	IZC	Use permitted under Creative Commons Attribution 4.0 International License (CC BY 4.0)	https://creativecommons.org/licenses/by/4.0/	Cortinarius collinitus; Cortinarius trivialis; Cortinarius glutinosoarmillatus	Banded Cortinarius; Coast Live Oak	Quercus agrifolia	2023-01-13	United States	California		San Marcos Pass	34.512904	-119.813278	16	52626010963 Here is a <b>Banded Cortinarius</b> (<i>Cortinarius collinitus</i>) mushroom growing under <b>Coast Live Oak</b> (<i>Quercus agrifolia</i>, <i>Fagaceae</i>) trees in the woods today. More properly, it is part of the <i>Cortinarius collinitus</i> group which has been split into several variants. Maybe they are really <i>Cortinarius trivialis</i> or <i>Cortinarius glutinosoarmillatus</i>, but the old name is familiar and works for me. They are very slimy mushrooms. You can also see remnants of the ""cortina"" hairs on the stem below the cap, stained rusty-brown from falling spores -- see <a href=""https://www.flickr.com/photos/treebeard/46618281822/"">this photo</a> for a closer look. That is typical for this genus. (San Marcos Pass, 13 January 2023)	https://symbiota.ccber.ucsb.edu/kummel/2025/n113c_n113-029.jpg
c9c73a67-24e2-4a0b-a31a-7bf0fe00a874	HumanObservation	urn:uuid:e495db61-2817-4938-b78a-6dd38803a3bb	Mark Kummel Photographs	https://www.flickr.com/people/treebeard/	UCSB	IZC	Use permitted under Creative Commons Attribution 4.0 International License (CC BY 4.0)	https://creativecommons.org/licenses/by/4.0/	Formicidae	Ants		2023-01-14	United States	California		San Marcos Pass	34.513655	-119.814062	16	52627660469 This is a small colony of ants on the inside of my camera bag yesterday. They weren't here the day before. I don't understand the different types of ants, but there are differences: there's a winged ant that could be male and a larger one that could be queen. They have found shelter from the rain. (San Marcos Pass, 13 January 2023)	https://symbiota.ccber.ucsb.edu/kummel/2025/n114a_n113-004.jpg
b7a8e1fd-e7e9-4553-a33b-832126f5a8be	HumanObservation	urn:uuid:e495db61-2817-4938-b78a-6dd38803a3bb	Mark Kummel Photographs	https://www.flickr.com/people/treebeard/	UCSB	IZC	Use permitted under Creative Commons Attribution 4.0 International License (CC BY 4.0)	https://creativecommons.org/licenses/by/4.0/	Salticidae	Jumping Spider		2023-01-14	United States	California		San Marcos Pass	34.513761	-119.813686	16	52627877013 This cute little spider is a <b>Jumping Spider</b> (<i>Salticidae</i>) on the windshield on the little electric cart I use to get around in our canyon. (San Marcos Pass, 12 January 2023)	https://symbiota.ccber.ucsb.edu/kummel/2025/n114b_n112-030a.jpg
15a9ad12-8c73-4d0f-af81-a73807c992fb	HumanObservation	urn:uuid:e495db61-2817-4938-b78a-6dd38803a3bb	Mark Kummel Photographs	https://www.flickr.com/people/treebeard/	UCSB	IZC	Use permitted under Creative Commons Attribution 4.0 International License (CC BY 4.0)	https://creativecommons.org/licenses/by/4.0/	Sinea	Spiny Assassin Bug; Coast Live Oak	Quercus agrifolia	2023-01-14	United States	California		San Marcos Pass	34.513876	-119.813944	16	52627866138 Here is another shot a <b>Spiny Assassin Bug</b> (genus <i>Sinea</i>, <i>Reduviidae</i>) on an <b>Coast Live Oak</b> (<i>Quercus agrifolia</i>, <i>Fagaceae</i>) leaf in the woods yesterday, see <a href=""https://www.flickr.com/photos/treebeard/52626044708/"">this photo</a>. They are gnarly-looking predators with that rough exterior and spike-like proboscis, though they are actually shy and retiring in my experience. (San Marcos Pass, 13 January 2023)	https://symbiota.ccber.ucsb.edu/kummel/2025/n114c_n113-021.jpg
61cd7524-4669-4b27-835b-431ad244b48d	HumanObservation	urn:uuid:e495db61-2817-4938-b78a-6dd38803a3bb	Mark Kummel Photographs	https://www.flickr.com/people/treebeard/	UCSB	IZC	Use permitted under Creative Commons Attribution 4.0 International License (CC BY 4.0)	https://creativecommons.org/licenses/by/4.0/	Psocoptera; Psocodea	Barklouse		2023-01-15	United States	California		San Marcos Pass	34.512904	-119.813278	16	52629681606 This is a tiny <b>Barklouse</b> (<i>Psocoptera</i> aka <i>Psocodea</i>) in our the rain gauge today! It's a more complicated rain gauge than the coffee can I used to use, as it has a small inner tube which measures hundredths of an inch and overflows into a larger outer tube which can hold up to ten inches. There's a funnel-like lid on top that directs water into the small tube. The critter seems to want to be inside and made no effort to get away when I took the lid off today. Compare <a href=""https://www.flickr.com/photos/treebeard/48135403877/"">this photo</a>, <a href=""https://www.flickr.com/photos/treebeard/47210060002/"">this photo</a>, and <a href=""https://www.flickr.com/photos/treebeard/47161439381/"">this photo</a> of some other Barklice I've found. I don't notice these very often, though I suspect the woods are full of them. (San Marcos Pass, 15 January 2023)	https://symbiota.ccber.ucsb.edu/kummel/2025/n115a_n115-002.jpg
90e3da55-b1b8-4c78-a790-e1f98f5fcf32	HumanObservation	urn:uuid:e495db61-2817-4938-b78a-6dd38803a3bb	Mark Kummel Photographs	https://www.flickr.com/people/treebeard/	UCSB	IZC	Use permitted under Creative Commons Attribution 4.0 International License (CC BY 4.0)	https://creativecommons.org/licenses/by/4.0/	Umbellularia californica	California Bay		2023-01-15	United States	California		San Marcos Pass	34.512471	-119.813632	16	52629665281 Here are the first new flowers of native <b>California Bay</b> (<i>Umbellularia californica</i>) in the <i>Lauraceae</i> plant family in the woods today. The tree is related to sassafras and avocado and has similar surprisingly intricate flowers, see <a href=""https://www.flickr.com/photos/treebeard/24693392700/"">this photo</a> for a closer look at a single flower. Sure, you can use the leaves as ""bay leaves"" for cooking -- but don't use too much, it's strong stuff! (San Marcos Pass, 15 January 2023)	https://symbiota.ccber.ucsb.edu/kummel/2025/n115b_n115-008.jpg
c1a9ba05-7172-4f65-bb1b-496bba5d9bb6	HumanObservation	urn:uuid:e495db61-2817-4938-b78a-6dd38803a3bb	Mark Kummel Photographs	https://www.flickr.com/people/treebeard/	UCSB	IZC	Use permitted under Creative Commons Attribution 4.0 International License (CC BY 4.0)	https://creativecommons.org/licenses/by/4.0/	Lactarius rufulus	Rufous Candy Cap; Coast Live Oak	Quercus agrifolia	2023-01-15	United States	California		San Marcos Pass	34.512904	-119.813278	16	52629120392 Maybe these are <b>Rufous Candy Cap</b> (<i>Lactarius rufulus</i>) mushrooms growing under <b>Coast Live Oak</b> (<i>Quercus agrifolia</i>, <i>Fagaceae</i>) trees in the woods today. I sliced the gills with my knife, and they have latex that is white changing to yellow. They don't have the maple-syrup smell of the real <b>Candy Cap</b> (<i>Lactarius fragilis</i>). (San Marcos Pass, 15 January 2023)	https://symbiota.ccber.ucsb.edu/kummel/2025/n115c_n115-042.jpg
c24f1926-1712-4170-8055-76cdd79de979	HumanObservation	urn:uuid:e495db61-2817-4938-b78a-6dd38803a3bb	Mark Kummel Photographs	https://www.flickr.com/people/treebeard/	UCSB	IZC	Use permitted under Creative Commons Attribution 4.0 International License (CC BY 4.0)	https://creativecommons.org/licenses/by/4.0/	Cladonia	Pyxie Cup Lichens		2023-01-16	United States	California		San Marcos Pass	34.513876	-119.813944	16	52632312968 These are lovely little <b>Pyxie Cup Lichens</b> (genus <i>Cladonia</i>) growing on sandstone in the woods. They are a <i>fruticose lichen</i> with a stalk, but they come from a <i>foliose</i> base. There are several different kinds, so I won't try to guess which one this is. (San Marcos Pass, 16 January 2023)	https://symbiota.ccber.ucsb.edu/kummel/2025/n116a_n116-003.jpg
f2ead9c0-0d3f-42d3-896d-6f59371c9a1c	HumanObservation	urn:uuid:e495db61-2817-4938-b78a-6dd38803a3bb	Mark Kummel Photographs	https://www.flickr.com/people/treebeard/	UCSB	IZC	Use permitted under Creative Commons Attribution 4.0 International License (CC BY 4.0)	https://creativecommons.org/licenses/by/4.0/	Clitocybe nuda	Blewit; Coast Live Oak	Quercus agrifolia	2023-01-16	United States	California		San Marcos Pass	34.512904	-119.813278	16	52632252600 I found this <b>Blewit</b> (<i>Clitocybe nuda</i> aka <i>Lepista nuda</i>) mushroom growing in the mulch under <b>Coast Live Oak</b> (<i>Quercus agrifolia</i>, <i>Fagaceae</i>) trees in the woods yesterday. Fresh caps sometimes have real blue or violet colors like this, but they soon fade to tan or brown with just a hint of violet, compare <a href=""https://www.flickr.com/photos/treebeard/31229093193/"">this photo</a>. (San Marcos Pass, 15 January 2023)	https://symbiota.ccber.ucsb.edu/kummel/2025/n116b_n115-029.jpg
965de99c-eba9-4752-8f46-ecc24a2f907f	HumanObservation	urn:uuid:e495db61-2817-4938-b78a-6dd38803a3bb	Mark Kummel Photographs	https://www.flickr.com/people/treebeard/	UCSB	IZC	Use permitted under Creative Commons Attribution 4.0 International License (CC BY 4.0)	https://creativecommons.org/licenses/by/4.0/	Cortinarius	Coast Live Oak; Webcaps	Quercus agrifolia	2023-01-16	United States	California		San Marcos Pass	34.512913	-119.813772	16	52632054459 I found this <i>Cortinarius</i> mushroom pushing up through deep mulch under <b>Coast Live Oak</b> (<i>Quercus agrifolia</i>, <i>Fagaceae</i>) trees after our good rains a few days ago. Like all Cortinarius mushrooms, this one has rusty-colored spores which stain everything - especially the shaggy hairs on its stem that originally form a veil to protect the gills. The problem is they end up looking alike, so there's no good way to tell them apart -- but they are handsome mushrooms when they are fresh like this. (San Marcos Pass, 12 January 2023)	https://symbiota.ccber.ucsb.edu/kummel/2025/n116c_n112-015.jpg
c7598392-2718-4ed8-a1d7-c74143ab618d	HumanObservation	urn:uuid:e495db61-2817-4938-b78a-6dd38803a3bb	Mark Kummel Photographs	https://www.flickr.com/people/treebeard/	UCSB	IZC	Use permitted under Creative Commons Attribution 4.0 International License (CC BY 4.0)	https://creativecommons.org/licenses/by/4.0/	Metepeira	Black Sage; Labyrinth Spider	Salvia mellifera	2023-01-17	United States	California		San Marcos Pass	34.513275	-119.812924	16	52634302455 This is another small <b>Orb Web Weaver</b> (family <i>Araneidae</i>) spider in native <b>Black Sage</b> (<i>Salvia mellifera</i>, <i>Lamiaceae</i>) in the woods today. I believe this is a <b>Labyrinth Spider</b> (genus <i>Metepeira</i>, <i>Araneidae</i>) with that ""folium pattern"" on its abdomen, see <a href=""https://www.flickr.com/photos/treebeard/52577970452/"">this photo</a> and <a href=""https://www.flickr.com/photos/treebeard/45002871895/"">this photo</a>. (San Marcos Pass, 17 January 2023)	https://symbiota.ccber.ucsb.edu/kummel/2025/n117a_n117-004.jpg
3ef92ec5-776c-4f1d-af33-b77e9c3a44b2	HumanObservation	urn:uuid:e495db61-2817-4938-b78a-6dd38803a3bb	Mark Kummel Photographs	https://www.flickr.com/people/treebeard/	UCSB	IZC	Use permitted under Creative Commons Attribution 4.0 International License (CC BY 4.0)	https://creativecommons.org/licenses/by/4.0/	Cortinarius	Coast Live Oak; Webcaps	Quercus agrifolia	2023-01-17	United States	California		San Marcos Pass	34.513125	-119.812613	16	52633844761 I found another <i>Cortinarius</i> mushroom pushing up through deep mulch under <b>Coast Live Oak</b> (<i>Quercus agrifolia</i>, <i>Fagaceae</i>) trees after our recent good rains today. Like all Cortinarius mushrooms, this one has rusty-colored spores. The problem is they end up looking alike, so there's no good way to tell them apart -- but they are handsome mushrooms when they are fresh like this. (San Marcos Pass, 17 January 2023)	https://symbiota.ccber.ucsb.edu/kummel/2025/n117b_n117-011.jpg
13ec31cc-6281-4831-8de1-8af4d6f16b51	HumanObservation	urn:uuid:e495db61-2817-4938-b78a-6dd38803a3bb	Mark Kummel Photographs	https://www.flickr.com/people/treebeard/	UCSB	IZC	Use permitted under Creative Commons Attribution 4.0 International License (CC BY 4.0)	https://creativecommons.org/licenses/by/4.0/	Quercus agrifolia	Coast Live Oak		2023-01-17	United States	California		San Marcos Pass	34.513125	-119.812613	16	52634275585 These are the tunnels of <b>leaf-miner caterpillars</b> meandering through a leaf of <b>Coast Live Oak</b> (<i>Quercus agrifolia</i>, <i>Fagaceae</i>) in the woods a few days ago. You can follow the path of the caterpillars' life from a small start to a big finish, growing as they move along. (San Marcos Pass, 13 January 2023)	https://symbiota.ccber.ucsb.edu/kummel/2025/n117c_n113-024.jpg
088a9188-2e88-4a71-a3d9-ca0e6217bb07	HumanObservation	urn:uuid:e495db61-2817-4938-b78a-6dd38803a3bb	Mark Kummel Photographs	https://www.flickr.com/people/treebeard/	UCSB	IZC	Use permitted under Creative Commons Attribution 4.0 International License (CC BY 4.0)	https://creativecommons.org/licenses/by/4.0/	Callirhytis quercuspomiformis	Live Oak Apple Gall Wasp; Coast Live Oak	Quercus agrifolia	2023-01-18	United States	California		San Marcos Pass	34.514274	-119.814351	16	52636043274 Here is a mushroom-like spring gall of the <b>Live Oak Apple Gall Wasp</b> (<i>Callirhytis quercuspomiformis</i>, <i>Cynipidae</i>) on a leaf of <b>Coast Live Oak</b> (<i>Quercus agrifolia</i>, <i>Fagaceae</i>). These are ""bisexual galls"" because the will give rise to both male and female wasps that will mate and produce the summer unisexual ""oak apple"" galls, see <a href=""https://www.flickr.com/photos/treebeard/22836281840/"">this photo</a>, which contain only female wasps. Those ladies will emerge next year and produce another crop of bisexual galls like the one in my photo, and the cycle repeats. Sorry, but galls are complicated like that. It's part of what makes then so interesting. (San Marcos Pass, 18 January 2023)	https://symbiota.ccber.ucsb.edu/kummel/2025/n118a_n115-005.jpg
0cbe6255-eb5e-49ee-a453-ae1b77a68342	HumanObservation	urn:uuid:e495db61-2817-4938-b78a-6dd38803a3bb	Mark Kummel Photographs	https://www.flickr.com/people/treebeard/	UCSB	IZC	Use permitted under Creative Commons Attribution 4.0 International License (CC BY 4.0)	https://creativecommons.org/licenses/by/4.0/	Quercus agrifolia	Coast Live Oak		2023-01-18	United States	California		San Marcos Pass	34.513125	-119.812613	16	52636252883 Spiders aren't the only ones! This is a caterpillar and webbing (and raindrops) on a leaf of <b>Coast Live Oak</b> (<i>Quercus agrifolia</i>, <i>Fagaceae</i>). Happy Web Webnesday! (San Marcos Pass, 15 January 2023)	https://symbiota.ccber.ucsb.edu/kummel/2025/n118b_n115-032.jpg
6072d086-ea31-4273-9475-9e052c4496d7	HumanObservation	urn:uuid:e495db61-2817-4938-b78a-6dd38803a3bb	Mark Kummel Photographs	https://www.flickr.com/people/treebeard/	UCSB	IZC	Use permitted under Creative Commons Attribution 4.0 International License (CC BY 4.0)	https://creativecommons.org/licenses/by/4.0/	Araneae	spider		2023-01-18	United States	California		San Marcos Pass	34.513876	-119.813944	16	52636201210 This is a webbing under a piece of loose bark in our woodpile. I have another photo of the spider in <a href=""https://www.flickr.com/photos/treebeard/52606076163/"">this photo</a>. Happy Web Webnesday! (San Marcos Pass, 15 January 2023)	https://symbiota.ccber.ucsb.edu/kummel/2025/n118c_n115-014.jpg
d1240620-61f4-4aa2-be33-df66678d08bb	HumanObservation	urn:uuid:e495db61-2817-4938-b78a-6dd38803a3bb	Mark Kummel Photographs	https://www.flickr.com/people/treebeard/	UCSB	IZC	Use permitted under Creative Commons Attribution 4.0 International License (CC BY 4.0)	https://creativecommons.org/licenses/by/4.0/	Pityohyphantes	Hammock Spider; Coast Live Oak	Quercus agrifolia	2023-01-19	United States	California		San Marcos Pass	34.514416	-119.81404	16	52637064627 I believe this is a <b>Hammock Spider</b> (<i>Pityohyphantes</i>, <i>Linyphiidae</i>) hiding under a leaf <b>Coast Live Oak</b> (<i>Quercus agrifolia</i>, <i>Fagaceae</i>) in the woods today. HBBBT! (San Marcos Pass, 19 January 2023)	https://symbiota.ccber.ucsb.edu/kummel/2025/n119a_n119-012.jpg
9ffbde97-6500-4f7e-b506-2bb779687844	HumanObservation	urn:uuid:e495db61-2817-4938-b78a-6dd38803a3bb	Mark Kummel Photographs	https://www.flickr.com/people/treebeard/	UCSB	IZC	Use permitted under Creative Commons Attribution 4.0 International License (CC BY 4.0)	https://creativecommons.org/licenses/by/4.0/	Agelenidae	Funnel Web Weaver		2023-01-19	United States	California		San Marcos Pass	34.511914	-119.818418	16	52637056577 I found this small <b>spider</b> under a loose piece of oak bark in our woodpile this morning. I'm pretty sure this is a <b>Funnel Web Weaver</b> (<i>Agelenidae</i>) spider, maybe the same kind as <a href=""https://www.flickr.com/photos/treebeard/22836281840/"">this one</a>. (San Marcos Pass, 19 January 2023)	https://symbiota.ccber.ucsb.edu/kummel/2025/n119b_n119-005.jpg
e55b3eb7-7ba1-4907-bd49-6fa6fa08174f	HumanObservation	urn:uuid:e495db61-2817-4938-b78a-6dd38803a3bb	Mark Kummel Photographs	https://www.flickr.com/people/treebeard/	UCSB	IZC	Use permitted under Creative Commons Attribution 4.0 International License (CC BY 4.0)	https://creativecommons.org/licenses/by/4.0/	Machilidae	Jumping Bristletail; Woodlouse	Oniscidea	2023-01-19	United States	California		San Marcos Pass	34.513876	-119.813944	16	52637805179 These are different critters under a piece of oak bark in our woodpile. I believe there is a <b>Jumping Bristletail</b> (<i>Machilidae</i>) on the left and a <b>Woodlouse</b> (<i>Isopoda</i>) on the right. The woodlouse is showing its rear end, so HBBBT! (San Marcos Pass, 15 January 2023)	https://symbiota.ccber.ucsb.edu/kummel/2025/n119c_n115-020.jpg
e67f3867-24da-4b42-aee3-d5aaf9e05c03	HumanObservation	urn:uuid:e495db61-2817-4938-b78a-6dd38803a3bb	Mark Kummel Photographs	https://www.flickr.com/people/treebeard/	UCSB	IZC	Use permitted under Creative Commons Attribution 4.0 International License (CC BY 4.0)	https://creativecommons.org/licenses/by/4.0/	Gammarotettix genitalis	Chaparral Camel Cricket; Black Sage	Salvia mellifera	2023-01-20	United States	California		San Marcos Pass	34.514707	-119.814298	16	52639203446 This is a <b>Chaparral Camel Cricket</b> (<i>Gammarotettix genitalis</i>, <i>Raphidophoridae</i>) on old stalk of a <b>Black Sage</b> (<i>Salvia mellifera</i>, <i>Lamiaceae</i>) in the woods today. It's tiny! (San Marcos Pass, 20 January 2023)	https://symbiota.ccber.ucsb.edu/kummel/2025/n120a_n120-013.jpg
d59bc4cb-c214-4350-bda5-76220817a888	HumanObservation	urn:uuid:e495db61-2817-4938-b78a-6dd38803a3bb	Mark Kummel Photographs	https://www.flickr.com/people/treebeard/	UCSB	IZC	Use permitted under Creative Commons Attribution 4.0 International License (CC BY 4.0)	https://creativecommons.org/licenses/by/4.0/	Syrphus opinator; Eupeodes fumipennis	Syrphid Fly; Chaparral Yucca	Hesperoyucca whipplei	2023-01-20	United States	California		San Marcos Pass	34.513275	-119.812924	16	52639667593 This is a golden <b>Syrphid Fly</b> (<i>Syrphidae</i>, <i>Diptera</i>) on a old leaf of <b>Chaparral Yucca</b> (<i>Hesperoyucca whipplei</i>, <i>Agavaceae</i>) in the woods today. This fly might be species <i>Syrphus opinator</i> which is said to be common in central California, though it might be something else like <i>Eupeodes fumipennis</i>. Whatever it is, it's a handsome fly. HFDF! (San Marcos Pass, 20 January 2023)	https://symbiota.ccber.ucsb.edu/kummel/2025/n120b_n120-019.jpg
14dcb82c-e3eb-46f5-bd3b-a4e728161502	HumanObservation	urn:uuid:e495db61-2817-4938-b78a-6dd38803a3bb	Mark Kummel Photographs	https://www.flickr.com/people/treebeard/	UCSB	IZC	Use permitted under Creative Commons Attribution 4.0 International License (CC BY 4.0)	https://creativecommons.org/licenses/by/4.0/	Chironomidae	Non-biting Midge Fly		2023-01-20	United States	California		San Marcos Pass	34.511914	-119.818418	16	52639660118 This is a <b>Non-biting Midge Fly</b> (<i>Chironomidae</i>) that usually dance in the sunbeams above the oak trees in the woods a couple of days ago, compare <a href=""https://www.flickr.com/photos/treebeard/51847824787/"">this photo</a>. This one is male with feathery antennae, see <a href=""https://www.flickr.com/photos/treebeard/49307156773/"">this photo</a> for comparison shots of male and female. HFDF! (San Marcos Pass, 18 January 2023)	https://symbiota.ccber.ucsb.edu/kummel/2025/n120c_n118-030.jpg
d1338ec2-8dae-4fe4-a149-0f573bc3b19e	HumanObservation	urn:uuid:e495db61-2817-4938-b78a-6dd38803a3bb	Mark Kummel Photographs	https://www.flickr.com/people/treebeard/	UCSB	IZC	Use permitted under Creative Commons Attribution 4.0 International License (CC BY 4.0)	https://creativecommons.org/licenses/by/4.0/	Bombylius major	Greater Bee Fly		2023-01-21	United States	California		San Marcos Pass	34.513761	-119.813686	16	52640539687 I found this cute little <b>Bee Fly</b> (family <i>Bombyliidae</i>, <i>Diptera</i>) looking at its shadow on a fallen oak leaf today. I believe it is genus <i>Bombylius</i>, probably the <b>Greater Bee Fly</b> (<i>Bombylius major</i>) which is said to appear early. (San Marcos Pass, 21 January 2023)	https://symbiota.ccber.ucsb.edu/kummel/2025/n121a_n121-016.jpg
bc7e778f-9d2e-4b21-bbcf-84e05d47c561	HumanObservation	urn:uuid:e495db61-2817-4938-b78a-6dd38803a3bb	Mark Kummel Photographs	https://www.flickr.com/people/treebeard/	UCSB	IZC	Use permitted under Creative Commons Attribution 4.0 International License (CC BY 4.0)	https://creativecommons.org/licenses/by/4.0/	Metepeira	Black Sage; Labyrinth Spider	Salvia mellifera	2023-01-21	United States	California		San Marcos Pass	34.513125	-119.812613	16	52641294199 This is another shot of a small <b>Orb Web Weaver</b> (family <i>Araneidae</i>) spider in native <b>Black Sage</b> (<i>Salvia mellifera</i>, <i>Lamiaceae</i>) in the woods today, see <a href=""https://www.flickr.com/photos/treebeard/52634302455/"">this photo</a>. I believe this is a <b>Labyrinth Spider</b> (genus <i>Metepeira</i>, <i>Araneidae</i>) with that ""folium pattern"" on its abdomen. (San Marcos Pass, 21 January 2023)	https://symbiota.ccber.ucsb.edu/kummel/2025/n121b_n121-006.jpg
b16717f7-2fd3-4ca3-b152-b4f0905ae94f	HumanObservation	urn:uuid:e495db61-2817-4938-b78a-6dd38803a3bb	Mark Kummel Photographs	https://www.flickr.com/people/treebeard/	UCSB	IZC	Use permitted under Creative Commons Attribution 4.0 International License (CC BY 4.0)	https://creativecommons.org/licenses/by/4.0/	Oxyopes scalaris	Western Lynx Spider; Black Sage	Salvia mellifera	2023-01-21	United States	California		San Marcos Pass	34.513125	-119.812613	16	52641027931 I found this small <b>Western Lynx Spider</b> (<i>Oxyopes scalaris</i>, <i>Oxyopidae</i>) on an old leaf of <b>Black Sage</b> (<i>Salvia mellifera</i>, <i>Lamiaceae</i>) in the woods yesterday. Its heavily spined legs give it away as a Lynx Spider, related to the more familiar Green Lynx Spider in <a href=""https://www.flickr.com/photos/treebeard/50027915797/"">this photo</a>, but this one is much smaller. (San Marcos Pass, 20 January 2023)	https://symbiota.ccber.ucsb.edu/kummel/2025/n121c_n120-003.jpg
74c066cb-45e6-48f2-b452-e415a8c7e090	HumanObservation	urn:uuid:e495db61-2817-4938-b78a-6dd38803a3bb	Mark Kummel Photographs	https://www.flickr.com/people/treebeard/	UCSB	IZC	Use permitted under Creative Commons Attribution 4.0 International License (CC BY 4.0)	https://creativecommons.org/licenses/by/4.0/	Dictyna	Bird's Beak; Mesh Web Weaver	Cordylanthus rigidus	2023-01-22	United States	California		San Marcos Pass	34.514416	-119.81404	16	52643687980 Here are tiny spiders on stems of native <b>Bird's Beak</b> (<i>Cordylanthus rigidus</i>, <i>Orobanchaceae</i>) that's gone to seed in the woods today. I believe they are <b>Mesh Web Weaver</b> spiders in the family <i>Dictynidae</i>, maybe genus <i>Dictyna</i> itself -- at least it matches the illustration for that genus in my <a href=""https://www.amazon.com/Spiders-California-Pacific-Natural-History/dp/0520276612/"" rel=""noreferrer nofollow"">book</a>. (San Marcos Pass, 22 January 2023)	https://symbiota.ccber.ucsb.edu/kummel/2025/n122a_n122-012.jpg
0ebf2e13-4822-47c3-905f-0c9208f37b6a	HumanObservation	urn:uuid:e495db61-2817-4938-b78a-6dd38803a3bb	Mark Kummel Photographs	https://www.flickr.com/people/treebeard/	UCSB	IZC	Use permitted under Creative Commons Attribution 4.0 International License (CC BY 4.0)	https://creativecommons.org/licenses/by/4.0/	Quercus agrifolia	Coast Live Oak		2023-01-22	United States	California		San Marcos Pass	34.514416	-119.81404	16	52642702447 I found these mysterious orbs in leaves of <b>Coast Live Oak</b> (<i>Quercus agrifolia</i>, <i>Fagaceae</i>) in the woods yesterday. Maybe they are eggs or pupal cases? They look like are wrapped in silk. It reminds me of craft projects I've seen with string or paper mache wrapped around a balloon with glue, then the balloon is popped after the glue dries - <a href=""http://eastcoastcreativeblog.com/2014/05/diy-globe-light-aka-balloon-string-steroids.html"" rel=""noreferrer nofollow"">like this</a>. I wonder how it was made without a balloon? Is there something in here?? I've found similar ones in the woods, see <a href=""https://www.flickr.com/photos/treebeard/44608614260/"">this photo</a> and <a href=""https://www.flickr.com/photos/treebeard/15830710315/"">this photo</a>. I love finding these little mysteries. (San Marcos Pass, 21 January 2023)	https://symbiota.ccber.ucsb.edu/kummel/2025/n122b_n121-018.jpg
48586281-f401-4d84-9a7b-b3c7d88cb57a	HumanObservation	urn:uuid:e495db61-2817-4938-b78a-6dd38803a3bb	Mark Kummel Photographs	https://www.flickr.com/people/treebeard/	UCSB	IZC	Use permitted under Creative Commons Attribution 4.0 International License (CC BY 4.0)	https://creativecommons.org/licenses/by/4.0/	Arctostaphylos glauca	Bigberry Manzanita; leaf-miner caterpillar		2023-01-22	United States	California		San Marcos Pass	34.513761	-119.813686	16	52643180811 This is the tunnel of a tiny <b>leaf-miner</b> on a leaf of native <b>Bigberry Manzanita</b> (<i>Arctostaphylos glauca</i>, <i>Ericaceae</i>) in the woods yesterday. I suppose it's another <b>leaf-miner caterpillar</b> (or several?), but compare <a href=""https://www.flickr.com/photos/treebeard/51295893029/"">this one</a> and <a href=""https://www.flickr.com/photos/treebeard/50970700033/"">this one</a> -- it appears to have many branches. (San Marcos Pass, 21 January 2023)	https://symbiota.ccber.ucsb.edu/kummel/2025/n122c_n121-023.jpg
2c76f9b1-e991-4161-b089-375568204112	HumanObservation	urn:uuid:e495db61-2817-4938-b78a-6dd38803a3bb	Mark Kummel Photographs	https://www.flickr.com/people/treebeard/	UCSB	IZC	Use permitted under Creative Commons Attribution 4.0 International License (CC BY 4.0)	https://creativecommons.org/licenses/by/4.0/	Sympetrum corruptum	Variegated Meadowhawk		2023-01-23	United States	California		San Marcos Pass	34.513275	-119.812924	16	52645820245 This is of our usual winter dragonfly, a <b>Variegated Meadowhawk</b> (<i>Sympetrum corruptum</i>) in the family <i>Libellulidae</i> in the canyon today. These dragonflies stay active in the canyon all winter long, though they sit out cold and stormy days by finding an out-of-the-way perch. They keep moving around, so it's always a surprise when you suddenly notice one right in front of you. (San Marcos Pass, 23 January 2023)	https://symbiota.ccber.ucsb.edu/kummel/2025/n123a_n123-021.jpg
ce0237e4-28f8-40e7-8c29-8afeb82a5517	HumanObservation	urn:uuid:e495db61-2817-4938-b78a-6dd38803a3bb	Mark Kummel Photographs	https://www.flickr.com/people/treebeard/	UCSB	IZC	Use permitted under Creative Commons Attribution 4.0 International License (CC BY 4.0)	https://creativecommons.org/licenses/by/4.0/	Metepeira	Bird's Beak; Labyrinth Spider	Cordylanthus rigidus	2023-01-23	United States	California		San Marcos Pass	34.514416	-119.81404	16	52645622324 This is another small <b>Orb Web Weaver</b> (family <i>Araneidae</i>) spider in the woods today, but this one is on a different plant -- native <b>Bird's Beak</b> (<i>Cordylanthus rigidus</i>, <i>Orobanchaceae</i>) that's gone to seed, see <a href=""https://www.flickr.com/photos/treebeard/52577970452/"">this photo</a>. I believe this is another <b>Labyrinth Spider</b> (genus <i>Metepeira</i>, <i>Araneidae</i>) with that ""folium pattern"" on its abdomen. (San Marcos Pass, 23 January 2023)	https://symbiota.ccber.ucsb.edu/kummel/2025/n123b_n123-003.jpg
0870c38d-867d-4f06-a8d5-d914d30b276f	HumanObservation	urn:uuid:e495db61-2817-4938-b78a-6dd38803a3bb	Mark Kummel Photographs	https://www.flickr.com/people/treebeard/	UCSB	IZC	Use permitted under Creative Commons Attribution 4.0 International License (CC BY 4.0)	https://creativecommons.org/licenses/by/4.0/	Carex globosa	Round-fruited Sedge		2023-01-23	United States	California		San Marcos Pass	34.513275	-119.812924	16	52645796545 Here are new flowers of (I believe) our native dry-land <b>Round-fruited Sedge</b> (<i>Carex globosa</i>) in the <i>Cyperaceae</i> plant family growing in our canyon today. You can see the shaggy male staminate flowers on the left, and the female pistillate flowers are already developing into seeds lower down on the stems. It's a remarkably tough grass-like plant that grows in the shaded woods, but also in glaring sun. It's not at all like a typical wet-land sedge, except for the flowers. I really admire the toughness of this plant. (San Marcos Pass, 23 January 2023)	https://symbiota.ccber.ucsb.edu/kummel/2025/n123c_n123-005.jpg
29d507d0-05b1-47f4-86b3-20c91b7132ca	HumanObservation	urn:uuid:e495db61-2817-4938-b78a-6dd38803a3bb	Mark Kummel Photographs	https://www.flickr.com/people/treebeard/	UCSB	IZC	Use permitted under Creative Commons Attribution 4.0 International License (CC BY 4.0)	https://creativecommons.org/licenses/by/4.0/	Vanessa atalanta	Red Admiral		2023-01-24	United States	California		San Marcos Pass	34.513125	-119.812613	16	52647407831 Here is another <b>Red Admiral</b> (<i>Vanessa atalanta</i>) butterfly among fallen oak leaves in the woods today. This is one of a group of large butterflies that overwinter as adults and come out on warm days -- including the Mourning Cloak and California Tortoiseshell. (San Marcos Pass, 24 January 2023)	https://symbiota.ccber.ucsb.edu/kummel/2025/n124a_n124-003.jpg
16277d0f-78a5-4b63-888a-2b5f6b9a9ce4	HumanObservation	urn:uuid:e495db61-2817-4938-b78a-6dd38803a3bb	Mark Kummel Photographs	https://www.flickr.com/people/treebeard/	UCSB	IZC	Use permitted under Creative Commons Attribution 4.0 International License (CC BY 4.0)	https://creativecommons.org/licenses/by/4.0/	Chrysopidae	Coast Live Oak; Green Lacewing	Quercus agrifolia	2023-01-24	United States	California		San Marcos Pass	34.512913	-119.813772	16	52647870343 I found this mysterious orb in a leaf of <b>Coast Live Oak</b> (<i>Quercus agrifolia</i>, <i>Fagaceae</i>) in the woods, see <a href=""https://www.flickr.com/photos/treebeard/52642702447/"">this photo</a>. Now I believe it is the pupa of a <b>Green Lacewing</b> (<i>Chrysopidae</i>, <i>Neuroptera</i>) insect, see <a href=""https://bugguide.net/node/view/874426"" rel=""noreferrer nofollow"">this photo</a> at BugGuide. (San Marcos Pass, 24 January 2023)	https://symbiota.ccber.ucsb.edu/kummel/2025/n124b_n124-024.jpg
0d14165a-4d7b-4510-b41f-152aa7c3eccc	HumanObservation	urn:uuid:e495db61-2817-4938-b78a-6dd38803a3bb	Mark Kummel Photographs	https://www.flickr.com/people/treebeard/	UCSB	IZC	Use permitted under Creative Commons Attribution 4.0 International License (CC BY 4.0)	https://creativecommons.org/licenses/by/4.0/	Asterella palmeri	Palmer's Asterella		2023-01-24	United States	California		San Marcos Pass	34.513876	-119.813944	16	52647857498 This is a liverwort (<i>Marchantiophyta</i>) on a sandstone outcrop in our canyon, but I believe it is different from the usual <b>California Liverwort</b> (<i>Asterella californica</i>). For one thing, it's growing in a sunnier place. The <i>sporophytes</i> are taller and smoother and less divided, and the creeping ""leaves"" (""thallus"") are smaller, compare <a href=""https://www.flickr.com/photos/treebeard/32733194566/"">this photo</a>. This one might be <b>Palmer's Asterella</b> (<i>Asterella palmeri</i>), see the photos at <a href=""https://calphotos.berkeley.edu/cgi-bin/img_query?rel-taxon=begins%20with&where-taxon=Asterella%20palmeri"">CalPhotos</a>. (San Marcos Pass, 24 January 2023)	https://symbiota.ccber.ucsb.edu/kummel/2025/n124c_n124-006.jpg
b6cfbbd2-dc83-4ef4-83b2-35ca624b2a73	HumanObservation	urn:uuid:e495db61-2817-4938-b78a-6dd38803a3bb	Mark Kummel Photographs	https://www.flickr.com/people/treebeard/	UCSB	IZC	Use permitted under Creative Commons Attribution 4.0 International License (CC BY 4.0)	https://creativecommons.org/licenses/by/4.0/	Chrysopidae	Green Lacewing		2023-01-25	United States	California		San Marcos Pass	34.512586	-119.813257	16	52649750943 Here is a <b>Green Lacewing</b> (family <i>Chrysopidae</i>, <i>Neuroptera</i>) on the chair that I use in the woods. Those eyes! (San Marcos Pass, 25 January 2023)	https://symbiota.ccber.ucsb.edu/kummel/2025/n125a_n125-004.jpg
0cd4212f-8501-44df-9e01-808124ba75f5	HumanObservation	urn:uuid:e495db61-2817-4938-b78a-6dd38803a3bb	Mark Kummel Photographs	https://www.flickr.com/people/treebeard/	UCSB	IZC	Use permitted under Creative Commons Attribution 4.0 International License (CC BY 4.0)	https://creativecommons.org/licenses/by/4.0/	Quercus agrifolia	Coast Live Oak		2023-01-25	United States	California		San Marcos Pass	34.513125	-119.812613	16	52649259746 Spiders aren't the only ones! This is webbing on a leaf of <b>Coast Live Oak</b> (<i>Quercus agrifolia</i>, <i>Fagaceae</i>), and the frass (poop) shows that it's the work of a caterpillar rather than a spider. Happy Web Webnesday! (San Marcos Pass, 25 January 2023)	https://symbiota.ccber.ucsb.edu/kummel/2025/n125b_n125-011.jpg
cc44af9f-0225-4c7a-a4e9-b5d7c98b1922	HumanObservation	urn:uuid:e495db61-2817-4938-b78a-6dd38803a3bb	Mark Kummel Photographs	https://www.flickr.com/people/treebeard/	UCSB	IZC	Use permitted under Creative Commons Attribution 4.0 International License (CC BY 4.0)	https://creativecommons.org/licenses/by/4.0/	Dictynidae	Bird's Beak; Mesh Web Weaver	Cordylanthus rigidus	2023-01-25	United States	California		San Marcos Pass	34.513275	-119.812924	16	52649730683 This is a spider web on native <b>Bird's Beak</b> (<i>Cordylanthus rigidus</i>, <i>Orobanchaceae</i>) that's gone to seed a couple of days ago. I suspect this is the web of a <b>Mesh Web Weaver</b> spider in the family <i>Dictynidae</i>, it's near the spider in <a href=""https://www.flickr.com/photos/treebeard/52643687980/"">this photo</a>. Happy Web Webnesday! (San Marcos Pass, 22 January 2023)	https://symbiota.ccber.ucsb.edu/kummel/2025/n125c_n122-006.jpg
5d6db5ce-09cc-44ee-8f19-9b6a93cd8c4b	HumanObservation	urn:uuid:e495db61-2817-4938-b78a-6dd38803a3bb	Mark Kummel Photographs	https://www.flickr.com/people/treebeard/	UCSB	IZC	Use permitted under Creative Commons Attribution 4.0 International License (CC BY 4.0)	https://creativecommons.org/licenses/by/4.0/	Tenthredinidae	Common Sawfly		2023-01-26	United States	California		San Marcos Pass	34.513549	-119.813418	16	52651603793 I believe this is a <b>Common Sawfly</b> (family <i>Tenthredinidae</i>, <i>Hymenoptera</i>) on a mossy rock in the woods today. It is uncommonly handsome! (San Marcos Pass, 23 January 2023)	https://symbiota.ccber.ucsb.edu/kummel/2025/n126a_n126-008.jpg
ed248639-85f0-4a6c-8890-0f56e2b032fc	HumanObservation	urn:uuid:e495db61-2817-4938-b78a-6dd38803a3bb	Mark Kummel Photographs	https://www.flickr.com/people/treebeard/	UCSB	IZC	Use permitted under Creative Commons Attribution 4.0 International License (CC BY 4.0)	https://creativecommons.org/licenses/by/4.0/	Oxyopes scalaris	Western Lynx Spider; Black Sage	Salvia mellifera	2023-01-26	United States	California		San Marcos Pass	34.512904	-119.813278	16	52651550945 I found this tiny <b>Western Lynx Spider</b> (<i>Oxyopes scalaris</i>, <i>Oxyopidae</i>) on an old leaf of <b>Black Sage</b> (<i>Salvia mellifera</i>, <i>Lamiaceae</i>) in the woods a few days ago. Its heavily spined legs give it away as a Lynx Spider, related to the more familiar Green Lynx Spider in <a href=""https://www.flickr.com/photos/treebeard/50027915797/"">this photo</a>, but this one is much smaller. HBBBT! (San Marcos Pass, 23 January 2023)	https://symbiota.ccber.ucsb.edu/kummel/2025/n126b_n123-010.jpg
a5895366-f647-4a93-837e-cbb04fbe7193	HumanObservation	urn:uuid:e495db61-2817-4938-b78a-6dd38803a3bb	Mark Kummel Photographs	https://www.flickr.com/people/treebeard/	UCSB	IZC	Use permitted under Creative Commons Attribution 4.0 International License (CC BY 4.0)	https://creativecommons.org/licenses/by/4.0/	Gammarotettix genitalis	Chaparral Camel Cricket; Black Sage	Salvia mellifera	2023-01-26	United States	California		San Marcos Pass	34.512904	-119.813278	16	52650605042 This is another shot of a tiny <b>Chaparral Camel Cricket</b> (<i>Gammarotettix genitalis</i>, <i>Raphidophoridae</i>) on old stalk of a <b>Black Sage</b> (<i>Salvia mellifera</i>, <i>Lamiaceae</i>) in the woods a few days ago, compare <a href=""https://www.flickr.com/photos/treebeard/52639203446/"">this photo</a>. HBBBT! (San Marcos Pass, 20 January 2023)	https://symbiota.ccber.ucsb.edu/kummel/2025/n126c_n120-009.jpg
d84ed85b-e224-4787-89c4-e0b1e5710664	HumanObservation	urn:uuid:e495db61-2817-4938-b78a-6dd38803a3bb	Mark Kummel Photographs	https://www.flickr.com/people/treebeard/	UCSB	IZC	Use permitted under Creative Commons Attribution 4.0 International License (CC BY 4.0)	https://creativecommons.org/licenses/by/4.0/	Tachinidae	Tachinid Fly		2023-01-27	United States	California		San Marcos Pass	34.513275	-119.812924	16	52653159646 This is a ""just a fly"" (<i>Diptera</i>) on a sandstone outcrop in in the woods today. I don't know what kind of fly it is, but it looks bristly enough to be another <b>Tachinid Fly</b> in the family <i>Tachinidae</i>. I already have my two photos for the Fly Day Friday group, but HFDF anyway! (San Marcos Pass, 27 January 2023)	https://symbiota.ccber.ucsb.edu/kummel/2025/n127a_n127-015.jpg
4554358b-0f5f-40f9-8d2d-505d623d51b3	HumanObservation	urn:uuid:e495db61-2817-4938-b78a-6dd38803a3bb	Mark Kummel Photographs	https://www.flickr.com/people/treebeard/	UCSB	IZC	Use permitted under Creative Commons Attribution 4.0 International License (CC BY 4.0)	https://creativecommons.org/licenses/by/4.0/	Eristalis; Asemosyrphus polygrammus; Lejops polygrammus	Syrphid Fly		2023-01-27	United States	California		San Marcos Pass	34.512913	-119.813772	16	52653149586 This is a another <b>Syrphid Fly</b> (<i>Syrphidae</i>, <i>Diptera</i>) on a fallen oak leaf yesterday. This fly is the <i>Eristalini</i> tribe, possibly the genus <i>Eristalis</i> or <i>Asemosyrphus polygrammus</i> aka <i>Lejops polygrammus</i> -- compare <a href=""https://www.flickr.com/photos/treebeard/52597007929/"">this photo</a> and <a href=""https://www.flickr.com/photos/treebeard/49364755661/"">this photo</a> taken a few years ago. HFDF! (San Marcos Pass, 26 January 2023)	https://symbiota.ccber.ucsb.edu/kummel/2025/n127b_n126-013.jpg
3f2ee7cf-d5b7-4ca4-86f1-dd8484d23ad3	HumanObservation	urn:uuid:e495db61-2817-4938-b78a-6dd38803a3bb	Mark Kummel Photographs	https://www.flickr.com/people/treebeard/	UCSB	IZC	Use permitted under Creative Commons Attribution 4.0 International License (CC BY 4.0)	https://creativecommons.org/licenses/by/4.0/	Tachinidae	Black Sage; Tachinid Fly	Salvia mellifera	2023-01-27	United States	California		San Marcos Pass	34.513275	-119.812924	16	52653414754 This is a ""just a fly"" (<i>Diptera</i>) on a leaf of <b>Black Sage</b> (<i>Salvia mellifera</i>, <i>Lamiaceae</i>) in the woods a few days ago. I don't know what kind of fly it is, but it looks bristly enough to be another <b>Tachinid Fly</b> in the family <i>Tachinidae</i>. HFDF! (San Marcos Pass, 24 January 2023)	https://symbiota.ccber.ucsb.edu/kummel/2025/n127c_n124-011.jpg
c8a600cf-5df6-4567-8d8d-dd5850744e43	HumanObservation	urn:uuid:e495db61-2817-4938-b78a-6dd38803a3bb	Mark Kummel Photographs	https://www.flickr.com/people/treebeard/	UCSB	IZC	Use permitted under Creative Commons Attribution 4.0 International License (CC BY 4.0)	https://creativecommons.org/licenses/by/4.0/	Quercus agrifolia	Coast Live Oak		2023-01-28	United States	California		San Marcos Pass	34.513125	-119.812613	16	52655336169 I found this skeletonized leaf on a small tree of <b>Coast Live Oak</b> (<i>Quercus agrifolia</i>, <i>Fagaceae</i>) in the woods today. This may be the work of a caterpillar like the one in <a href=""https://www.flickr.com/photos/treebeard/36746033005/"">this photo</a>, but fungi also do this. I'm not sure how to tell the actions apart when a leaf gets to this stage, but they are beautiful. (San Marcos Pass, 28 January 2023)	https://symbiota.ccber.ucsb.edu/kummel/2025/n128a_n128-003.jpg
d4f12810-8100-4620-964b-fb35168ff124	HumanObservation	urn:uuid:e495db61-2817-4938-b78a-6dd38803a3bb	Mark Kummel Photographs	https://www.flickr.com/people/treebeard/	UCSB	IZC	Use permitted under Creative Commons Attribution 4.0 International License (CC BY 4.0)	https://creativecommons.org/licenses/by/4.0/	Pityohyphantes	Hammock Spider; Coast Live Oak	Quercus agrifolia	2023-01-28	United States	California		San Marcos Pass	34.513275	-119.812924	16	52655491415 I believe this is a male <b>Hammock Spider</b> (<i>Pityohyphantes</i>, <i>Linyphiidae</i>) hiding under a leaf <b>Coast Live Oak</b> (<i>Quercus agrifolia</i>, <i>Fagaceae</i>) in the woods yesterday. (San Marcos Pass, 27 January 2023)	https://symbiota.ccber.ucsb.edu/kummel/2025/n128b_n127-019.jpg
b545ab3e-7f81-44a4-b6fd-96dfa4601051	HumanObservation	urn:uuid:e495db61-2817-4938-b78a-6dd38803a3bb	Mark Kummel Photographs	https://www.flickr.com/people/treebeard/	UCSB	IZC	Use permitted under Creative Commons Attribution 4.0 International License (CC BY 4.0)	https://creativecommons.org/licenses/by/4.0/	Agelenidae	Funnel Web Weaver		2023-01-28	United States	California		San Marcos Pass	34.514707	-119.814298	16	52655487605 This is looking into the web of a <b>Funnel Web Weaver</b> (<i>Agelenidae</i>) spider in the woods yesterday. I've tried to photograph this spider several times, but whenever I get too close it zips away faster than I can see. This time I was ready! (San Marcos Pass, 27 January 2023)	https://symbiota.ccber.ucsb.edu/kummel/2025/n128c_n127-008.jpg
4243fb2f-a3d9-4671-9424-959cef599e7f	HumanObservation	urn:uuid:e495db61-2817-4938-b78a-6dd38803a3bb	Mark Kummel Photographs	https://www.flickr.com/people/treebeard/	UCSB	IZC	Use permitted under Creative Commons Attribution 4.0 International License (CC BY 4.0)	https://creativecommons.org/licenses/by/4.0/	Kibramoa madrona	Plectreurid spider		2023-01-29	United States	California		San Marcos Pass	34.512904	-119.813278	16	52657754748 I found this interesting spider under a loose piece of oak bark in our woodpile this morning. Maybe this spider is genus <i>Kibramoa</i> in the spider family <i>Plectreuridae</i> -- and maybe <i>Kibramoa madrona</i>)? This one played dead when I found it, and I covered it up again with the bark after I got my photos. (San Marcos Pass, 29 January 2023)	https://symbiota.ccber.ucsb.edu/kummel/2025/n129a_n129-009.jpg
a33c02d4-94a2-4924-a68f-9accaadfac99	HumanObservation	urn:uuid:e495db61-2817-4938-b78a-6dd38803a3bb	Mark Kummel Photographs	https://www.flickr.com/people/treebeard/	UCSB	IZC	Use permitted under Creative Commons Attribution 4.0 International License (CC BY 4.0)	https://creativecommons.org/licenses/by/4.0/	Umbellularia californica	California Bay		2023-01-29	United States	California		San Marcos Pass	34.513346	-119.813557	16	52657249901 Here are new flowers of native <b>California Bay</b> (<i>Umbellularia californica</i>) in the <i>Lauraceae</i> plant family in the woods today. The tree is related to sassafras and avocado and has similar surprisingly intricate flowers, see <a href=""https://www.flickr.com/photos/treebeard/24693392700/"">this photo</a> for a closer look at a single flower. Sure, you can use the leaves as ""bay leaves"" for cooking -- but don't use too much, it's strong stuff! (San Marcos Pass, 29 January 2023)	https://symbiota.ccber.ucsb.edu/kummel/2025/n129b_n129-020.jpg
a613ce33-1a36-47df-9dd9-c419322e4b9e	HumanObservation	urn:uuid:e495db61-2817-4938-b78a-6dd38803a3bb	Mark Kummel Photographs	https://www.flickr.com/people/treebeard/	UCSB	IZC	Use permitted under Creative Commons Attribution 4.0 International License (CC BY 4.0)	https://creativecommons.org/licenses/by/4.0/	Polypodium californicum	California Polypody		2023-01-29	United States	California		San Marcos Pass	34.514416	-119.81404	16	52657736673 Here is a bank of new fronds of <b>California Polypody</b> (<i>Polypodium californicum</i>) fern in the <i>Polypodiaceae</i> plant family growing with moss on a sandstone outcrop today. My mom used to call these <b>Resurrection Ferns</b> because they seem to appear from nowhere when the rains arrive. They actually grow from a thick mass of rhizomes at the base of the fronds during our dry summer when they go dormant. These ferns are creatures of our shady woods in a place where the sun never shines this close to the solstice. (San Marcos Pass, 29 January 2023)	https://symbiota.ccber.ucsb.edu/kummel/2025/n129c_n129-004.jpg
3db7610a-eea6-4ee1-a9ae-964ff5d68684	HumanObservation	urn:uuid:e495db61-2817-4938-b78a-6dd38803a3bb	Mark Kummel Photographs	https://www.flickr.com/people/treebeard/	UCSB	IZC	Use permitted under Creative Commons Attribution 4.0 International License (CC BY 4.0)	https://creativecommons.org/licenses/by/4.0/	Ribes amarum	Bitter Gooseberry		2023-01-30	United States	California		San Marcos Pass	34.512904	-119.813278	16	52659180992 This is a new flower of native <b>Bitter Gooseberry</b> (<i>Ribes amarum</i>, <i>Grossulariaceae</i>) in the woods today. I got the photo in light rain today that was just right to leave a few raindrops. If you look close, you can see little pinhead glands on the ""petals"" (that are really sepals, the real petals are white). Leaves, flower stalks, and the flowers themselves are all glandular in this species. See <a href=""https://www.flickr.com/photos/treebeard/33025378998/"">this photo</a> for a comparison of our different native gooseberries. (San Marcos Pass, 30 January 2023)	https://symbiota.ccber.ucsb.edu/kummel/2025/n130a_n130-007.jpg
a397e18a-c43f-45bd-b474-de099cf6e872	HumanObservation	urn:uuid:e495db61-2817-4938-b78a-6dd38803a3bb	Mark Kummel Photographs	https://www.flickr.com/people/treebeard/	UCSB	IZC	Use permitted under Creative Commons Attribution 4.0 International License (CC BY 4.0)	https://creativecommons.org/licenses/by/4.0/	Cirsium occidentale var. californicum	California Thistle		2023-01-30	United States	California		San Marcos Pass	34.513125	-119.812613	16	52660079710 This is a new plant of <b>California Thistle</b> (<i>Cirsium occidentale</i> var. <i>californicum</i>, <i>Asteraceae</i>) in the woods today. This will become the violet form of these plants, see <a href=""https://www.flickr.com/photos/treebeard/52252345998/"">this photo</a> for the lavender flowers. See <a href=""https://www.flickr.com/photos/treebeard/41374829250/"">this photo</a> and <a href=""https://www.flickr.com/photos/treebeard/16650321793/"">this photo</a> of other forms. These plants seem to be true biennials which form leaves in their first year, then flower in their second year. (San Marcos Pass, 30 January 2023)	https://symbiota.ccber.ucsb.edu/kummel/2025/n130b_n130-009.jpg
3dc0fe45-32a0-469e-a528-b31e2c306a39	HumanObservation	urn:uuid:e495db61-2817-4938-b78a-6dd38803a3bb	Mark Kummel Photographs	https://www.flickr.com/people/treebeard/	UCSB	IZC	Use permitted under Creative Commons Attribution 4.0 International License (CC BY 4.0)	https://creativecommons.org/licenses/by/4.0/	Asterella californica	California Liverwort		2023-01-30	United States	California		San Marcos Pass	34.513125	-119.812613	16	52659132362 This is a bank of liverworts (<i>Marchantiophyta</i>) growing on sandstone in the woods today. I believe these are the <b>California Liverwort</b> (<i>Asterella californica</i>). These liverworts fade to black as they dry out and recover in a day with some rain, compare <a href=""https://www.flickr.com/photos/treebeard/51923300140/"">this photo</a>. In time they will develop little sexual sporophytes, see <a href=""https://www.flickr.com/photos/treebeard/32272621554/"">this photo</a>. (San Marcos Pass, 30 January 2023)	https://symbiota.ccber.ucsb.edu/kummel/2025/n130c_n130-021.jpg
cf0c6c62-a345-42ef-b875-7c99be7c4ead	HumanObservation	urn:uuid:e495db61-2817-4938-b78a-6dd38803a3bb	Mark Kummel Photographs	https://www.flickr.com/people/treebeard/	UCSB	IZC	Use permitted under Creative Commons Attribution 4.0 International License (CC BY 4.0)	https://creativecommons.org/licenses/by/4.0/	Merodon equestris	Narcissus Bulb Fly		2023-01-31	United States	California		San Marcos Pass	34.513125	-119.812613	16	52661208182 Here is a striking <b>fly</b> (<i>Diptera</i>) in the woods today that looks for all the world like a bee. I believe this is a <b>Syrphid Fly</b> (<i>Syrphidae</i>, <i>Diptera</i>), possibly a <b>Narcissus Bulb Fly</b> (<i>Merodon equestris</i>) or kin in the same <i>Eristalini</i> tribe that includes many more bee-mimic flies in the genus <i>Eristalis</i>. It's furry like a bee and even has flattened leg segments like a bee. It's my understanding that this fly has been introduced from Europe and is now widespread in North America. (San Marcos Pass, 31 January 2023)	https://symbiota.ccber.ucsb.edu/kummel/2025/n131a_n131-027.jpg
246c1959-aded-4c53-81d7-8bb4ea98fe0e	HumanObservation	urn:uuid:e495db61-2817-4938-b78a-6dd38803a3bb	Mark Kummel Photographs	https://www.flickr.com/people/treebeard/	UCSB	IZC	Use permitted under Creative Commons Attribution 4.0 International License (CC BY 4.0)	https://creativecommons.org/licenses/by/4.0/	Keckiella cordifolia	Climbing Penstemon		2023-01-31	United States	California		San Marcos Pass	34.513275	-119.812924	16	52661695971 These are new leaves of <b>Climbing Penstemon</b> (<i>Keckiella cordifolia</i>, <i>Plantaginaceae</i>) in woods today. These shrubs are drought-deciduous, and the plants looked quite dead a month ago. (San Marcos Pass, 31 January 2023)	https://symbiota.ccber.ucsb.edu/kummel/2025/n131b_n131-020.jpg
b78b5973-9414-40fc-aa71-7d22afa244bf	HumanObservation	urn:uuid:e495db61-2817-4938-b78a-6dd38803a3bb	Mark Kummel Photographs	https://www.flickr.com/people/treebeard/	UCSB	IZC	Use permitted under Creative Commons Attribution 4.0 International License (CC BY 4.0)	https://creativecommons.org/licenses/by/4.0/	Frangula californica	California Coffeeberry; Gall Midge	Cecidomyiidae	2023-01-31	United States	California		San Marcos Pass	34.513876	-119.813944	16	52662122640 Here are many galled flowers of native <b>California Coffeeberry</b> (<i>Frangula californica</i>, <i>Rhamnaceae</i>). That odd beaked shape is typical. I'm pretty sure these are the work of a <b>Gall Midge</b> (<i>Cecidomyiidae</i>, <i>Diptera</i>), see <a href=""https://www.flickr.com/photos/treebeard/51158540911/"">this photo</a> of an emerging adult. (San Marcos Pass, 31 January 2023)	https://symbiota.ccber.ucsb.edu/kummel/2025/n131c_n131-014.jpg
2403c9ff-aff3-4c59-b76d-99c39df15c10	HumanObservation	urn:uuid:e495db61-2817-4938-b78a-6dd38803a3bb	Mark Kummel Photographs	https://www.flickr.com/people/treebeard/	UCSB	IZC	Use permitted under Creative Commons Attribution 4.0 International License (CC BY 4.0)	https://creativecommons.org/licenses/by/4.0/	Dictynidae	Bird's Beak; Mesh Web Weaver	Cordylanthus rigidus	2023-02-01	United States	California		San Marcos Pass	34.513275	-119.812924	16	52664073344 Here is tiny spider on native <b>Bird's Beak</b> (<i>Cordylanthus rigidus</i>, <i>Orobanchaceae</i>) that's gone to seed in the woods today. I believe this is a <b>Mesh Web Weaver</b> spider in the family <i>Dictynidae</i>, maybe genus <i>Dictyna</i> itself -- at least it matches the illustration for that genus in my <a href=""https://www.amazon.com/Spiders-California-Pacific-Natural-History/dp/0520276612/"" rel=""noreferrer nofollow"">book</a>. (San Marcos Pass, 1 February 2023)	https://symbiota.ccber.ucsb.edu/kummel/2025/n201a_n201-004.jpg
cb169a21-fc72-442f-beff-fa90423c6437	HumanObservation	urn:uuid:e495db61-2817-4938-b78a-6dd38803a3bb	Mark Kummel Photographs	https://www.flickr.com/people/treebeard/	UCSB	IZC	Use permitted under Creative Commons Attribution 4.0 International License (CC BY 4.0)	https://creativecommons.org/licenses/by/4.0/	Cyclosa	Trashline Orb Weaver		2023-02-01	United States	California		San Marcos Pass	34.513125	-119.812613	16	52664063994 This is a tiny <b>Trashline Orb Weaver</b> (<i>Cyclosa</i>, <i>Araneidae</i>) spider in the woods today. Happy Web Webnesday! (San Marcos Pass, 1 February 2023)	https://symbiota.ccber.ucsb.edu/kummel/2025/n201b_n201-027.jpg
e5cbd6ea-f2e0-41a6-aa46-77991b688b14	HumanObservation	urn:uuid:e495db61-2817-4938-b78a-6dd38803a3bb	Mark Kummel Photographs	https://www.flickr.com/people/treebeard/	UCSB	IZC	Use permitted under Creative Commons Attribution 4.0 International License (CC BY 4.0)	https://creativecommons.org/licenses/by/4.0/	Agelenidae	Funnel Web Weaver		2023-02-01	United States	California		San Marcos Pass	34.513876	-119.813944	16	52663257907 This is looking into the web of a <b>Funnel Web Weaver</b> (<i>Agelenidae</i>) spider in the woods a couple of days ago -- with raindrops. I've tried to photograph this spider several times, but whenever I get too close it zips away faster than I can see, see <a href=""https://www.flickr.com/photos/treebeard/52655487605/"">this photo</a>. Happy Web Webnesday! (San Marcos Pass, 30 January 2023)	https://symbiota.ccber.ucsb.edu/kummel/2025/n201c_n130-030.jpg
e043498d-fa73-44a5-b4bc-a1a48cb0a560	HumanObservation	urn:uuid:e495db61-2817-4938-b78a-6dd38803a3bb	Mark Kummel Photographs	https://www.flickr.com/people/treebeard/	UCSB	IZC	Use permitted under Creative Commons Attribution 4.0 International License (CC BY 4.0)	https://creativecommons.org/licenses/by/4.0/	Erigoninae	Dwarf Spider		2023-02-02	United States	California		San Marcos Pass	34.513275	-119.812924	16	52665244637 This is a tiny spider on a cactus spine in the garden this morning. It is a well-endowed male, maybe a <b>Dwarf Spider</b> (<i>Erigoninae</i>) in the <i>Linyphiidae</i>? (San Marcos Pass, 2 February 2023) <p>Today is Groundhog Day, midway between solstice and equinox, and we are getting more light in our winter-shady canyon. any groundhog or gopher that stuck its head out today did not see its shadow - portending early spring?	https://symbiota.ccber.ucsb.edu/kummel/2025/n202a_n202-011.jpg
5a228149-8ed4-4a3e-a789-4559ae73f8cf	HumanObservation	urn:uuid:e495db61-2817-4938-b78a-6dd38803a3bb	Mark Kummel Photographs	https://www.flickr.com/people/treebeard/	UCSB	IZC	Use permitted under Creative Commons Attribution 4.0 International License (CC BY 4.0)	https://creativecommons.org/licenses/by/4.0/	Gammarotettix genitalis	Chaparral Camel Cricket; prickly pear	Opuntia	2023-02-02	United States	California		San Marcos Pass	34.512807	-119.812924	16	52666234943 This is the rear end of a <b>Chaparral Camel Cricket</b> (<i>Gammarotettix genitalis</i>, <i>Raphidophoridae</i>) in the flower scar on a ripening fruit of a <b>prickly pear</b> (<i>Opuntia</i>) cactus. These crickets will become common -- and larger -- later in the spring. HBBBT! (San Marcos Pass, 2 February 2023)	https://symbiota.ccber.ucsb.edu/kummel/2025/n202b_n202-004.jpg
37fb0fdd-bba9-4c29-ab65-1ec0bb7f587b	HumanObservation	urn:uuid:e495db61-2817-4938-b78a-6dd38803a3bb	Mark Kummel Photographs	https://www.flickr.com/people/treebeard/	UCSB	IZC	Use permitted under Creative Commons Attribution 4.0 International License (CC BY 4.0)	https://creativecommons.org/licenses/by/4.0/	Syrphus opinator; Eupeodes fumipennis	Syrphid Fly; Coast Live Oak	Quercus agrifolia	2023-02-02	United States	California		San Marcos Pass	34.513125	-119.812613	16	52666016569 This is another golden <b>Syrphid Fly</b> (<i>Syrphidae</i>, <i>Diptera</i>) on a leaf of <b>Coast Live Oak</b> (<i>Quercus agrifolia</i>, <i>Fagaceae</i>) in the woods today. This fly might be species <i>Syrphus opinator</i> which is said to be common in central California, though it might be something else like <i>Eupeodes fumipennis</i>. Whatever it is, it's a handsome fly. HBBBT! (San Marcos Pass, 2 February 2023)	https://symbiota.ccber.ucsb.edu/kummel/2025/n202c_n202-028.jpg
